Date,ID,Marche,Action,Prix,Confiance,Raison
2026-01-02 15:40,105840,University of Texas at Dallas Comets vs. Stephen F. Austin Lumberjacks,BUY_YES,0.46,2026%,"Stephen F. Austin Lumberjacks have a win over University of Texas at Dallas Comets in the recent game on December 21, 2025."
2026-01-02 15:40,101750,Stars vs. Hurricanes,BUY_YES,0.53,100%,Stars have won the game.
2026-01-02 15:40,116736,RC Deportivo La Coruña vs. Cádiz CF,BUY_YES,0.575,100%,
2026-01-02 15:41,109954,Flyers vs. Sabres,BUY_YES,0.595,100%,Sabres won the game recently
2026-01-02 15:41,129300,SHL: Leksands IF vs. HV 71,BUY_YES,0.55,90%,Match is scheduled.
2026-01-02 15:41,127204,DEL: Grizzlys Wolfsburg vs. EHC Red Bull Muenchen,BUY_YES,0.46,100%,
2026-01-02 15:41,128956,California Baptist Lancers vs. Tarleton State Texans,BUY_YES,0.52,90%,
2026-01-02 15:41,129169,Alabama A&M Bulldogs vs. Arkansas-Pine Bluff Golden Lions,BUY_NO,0.595,90%,
2026-01-02 15:42,129102,Boston College Eagles vs. Georgia Tech Yellow Jackets,BUY_YES,0.32,90%,game exists
2026-01-02 15:42,128983,Bellarmine Knights vs. Queens (NC) Royals,BUY_YES,0.355,90%,game_result_exists
2026-01-02 15:53,117744,Montreuil FC vs. Amiens SC,BUY_NO,0.705,100%,"Match information available. SC Amiens won against Montreuil FC on January 10, 2026."
2026-01-02 15:54,131918,Al Hazem SC vs. NEOM SC - More Markets,BUY_NO,0.235,100%,"Upcoming match found - Al Hazem SC vs. NEOM SC on January 4, 2026"
2026-01-02 15:54,133042,Counter-Strike: megoshort vs ChickenBurger (BO3),BUY_YES,0.61,100%,Match found in news.
2026-01-02 15:55,128987,Northern Arizona Lumberjacks vs. Montana State Bobcats,BUY_YES,0.28,90%,"Confirmed game between Northern Arizona Lumberjacks and Montana State Bobcats on January 3, 2026, with Bobcats leading 1-0 in Big Sky this season"
2026-01-02 15:55,129078,Ball State Cardinals vs. Buffalo Bulls,BUY_YES,0.245,100%,"Recent news confirms Buffalo Bulls as favorites against Ball State Cardinals on January 3, 2026"
2026-01-02 16:51,101750,Stars vs. Hurricanes,BUY_YES,0.52,100%,"The Stars won against the Hurricanes on October 25, 2025."
2026-01-02 16:51,116736,RC Deportivo La Coruña vs. Cádiz CF,BUY_YES,0.575,90%,"Match preview available for January 4, 2026"
2026-01-02 16:51,109954,Flyers vs. Sabres,BUY_YES,0.595,100%,The Sabres capitalized on Flyers' mistakes for their victory.
2026-01-02 16:52,129105,Air Force Falcons vs. UNLV Runnin' Rebels,BUY_YES,0.385,2026%,"Recent game result: UNLV 51, Air Force 48"
2026-01-02 17:00,101750,Stars vs. Hurricanes,BUY_YES,0.52,100%,
2026-01-02 17:01,133042,Counter-Strike: megoshort vs ChickenBurger (BO3),BUY_YES,0.585,90%,
2026-01-02 17:01,109954,Flyers vs. Sabres,BUY_YES,0.595,100%,"The Flyers lost to the Sabres on December 18, 2025."
2026-01-02 17:01,129313,SHL: Vaexjoe vs. Froelunda HC,BUY_NO,0.565,100%,no issues
2026-01-02 17:01,129300,SHL: Leksands IF vs. HV 71,BUY_YES,0.55,90%,"Scheduled match on January 3, 2026"
2026-01-02 17:01,129149,Texas Southern Tigers vs. Southern Jaguars,BUY_YES,0.375,90%,Texas Southern Tigers are playing at Southern Jaguars in SWAC play on Saturday.
2026-01-02 17:01,128987,Northern Arizona Lumberjacks vs. Montana State Bobcats,BUY_YES,0.35,100%,
2026-01-02 17:50,133042,Counter-Strike: megoshort vs ChickenBurger (BO3),BUY_YES,0.61,90%,Match information found
2026-01-02 17:50,109954,Flyers vs. Sabres,BUY_YES,0.59,100%,Successful news extraction
2026-01-02 17:50,129300,SHL: Leksands IF vs. HV 71,BUY_YES,0.55,100%,Match odds are available
2026-01-02 17:50,129129,Longwood Lancers vs. High Point Panthers,PASS_NO,0.785,99%,
2026-01-02 17:51,120821,Counter-Strike: AaB esport vs MINLATE (BO1),BUY_YES,0.545,81%,Match details found
2026-01-02 18:01,101750,Stars vs. Hurricanes,BUY_YES,0.515,100%,Market and News structure is valid
2026-01-02 18:01,135049,Virtus Bologna vs. Zalgiris Kaunas,BUY_NO,0.605,91%,Valid input detected
2026-01-02 18:02,129169,Alabama A&M Bulldogs vs. Arkansas-Pine Bluff Golden Lions,BUY_YES,0.405,100%,Market and news available
2026-01-02 18:02,128983,Bellarmine Knights vs. Queens (NC) Royals,BUY_NO,0.645,99%,The Queens team exists and has recent news coverage.
2026-01-02 19:00,101750,Stars vs. Hurricanes,"BUY_PROBABILITY < 0.5 is 0.48, which is less than 0.5",0.48,90%,news list is of length 2
2026-01-02 19:00,135049,Virtus Bologna vs. Zalgiris Kaunas,"BUY_PROBABILITY < 0.5 is 0.605, which is more than 0.5",0.605,81%,Valid news list for Virtus Bologna vs. Zalgiris Kaunas market
2026-01-02 19:01,115070,Kilmarnock FC vs. Hibernian FC,BUY_YES,0.215,98%,
2026-01-02 19:02,136239,VfL Wolfsburg vs. FC St. Pauli 1910 - More Markets,BUY_NO,0.725,83%,
2026-01-02 19:25,101755,Bruins vs. Kraken,BUY_YES,0.57,100%,The market Bruins vs. Kraken is current and news exists.
2026-01-02 19:25,129313,SHL: Vaexjoe vs. Froelunda HC,BUY_NO,0.56,100%,
2026-01-02 19:25,128983,Bellarmine Knights vs. Queens (NC) Royals,BUY_YES,0.355,98%,News articles exist for the event.
2026-01-02 19:25,128956,California Baptist Lancers vs. Tarleton State Texans,BUY_YES,0.52,85%,Available news articles found for the market
2026-01-02 19:26,120821,Counter-Strike: AaB esport vs MINLATE (BO1),BUY_YES,0.545,89%,Enough data for confident prediction
2026-01-02 19:45,106222,TX-32 House Election Winner,BUY_MAYBE,0.535,85%,"Julie Johnson, a Democrat, wins the 32nd District in Texas."
2026-01-02 19:46,131918,Al Hazem SC vs. NEOM SC - More Markets,BUY_YES,0.765,100%,
2026-01-02 19:46,129169,Alabama A&M Bulldogs vs. Arkansas-Pine Bluff Golden Lions,BUY_YES,0.405,98%,Available games found
2026-01-02 19:47,136239,VfL Wolfsburg vs. FC St. Pauli 1910 - More Markets,BUY_YES,0.275,85%,
2026-01-02 20:41,101038,Red Wings vs. Senators,BUY_YES,0.49,100%,Found multiple news articles
2026-01-02 20:41,131918,Al Hazem SC vs. NEOM SC - More Markets,BUY_YES,0.765,100%,"News articles found with score predictions for Al Hazem SC vs. NEOM SC match on January 02, 2026."
2026-01-02 20:41,129076,Bowling Green Falcons vs. Massachusetts Minutemen,BUY_YES,0.395,88%,
2026-01-02 20:41,129169,Alabama A&M Bulldogs vs. Arkansas-Pine Bluff Golden Lions,BUY_YES,0.405,98%,Both sports news and game score are available for this market.
2026-01-02 20:42,129102,Boston College Eagles vs. Georgia Tech Yellow Jackets,BUY_YES,0.405,100%,
2026-01-02 20:42,128987,Northern Arizona Lumberjacks vs. Montana State Bobcats,BUY_YES,0.345,95%,
2026-01-02 20:54,106222,TX-32 House Election Winner,BUY_NO,0.59,99%,
2026-01-02 20:55,116736,RC Deportivo La Coruña vs. Cádiz CF,BUY_YES,0.575,100%,no information needed
2026-01-02 20:55,129102,Boston College Eagles vs. Georgia Tech Yellow Jackets,BUY_NO,0.595,100%,Both football and basketball matches between Boston College Eagles and Georgia Tech Yellow Jackets have been found.
2026-01-02 20:56,128983,Bellarmine Knights vs. Queens (NC) Royals,BUY_NO,0.645,100%,Both articles confirm the Queens Royals won the game against the Bellarmine Knights.
2026-01-02 21:28,101755,Bruins vs. Kraken,BUY_YES,0.565,100%,Market and news provided match expected format
2026-01-02 21:28,129102,Boston College Eagles vs. Georgia Tech Yellow Jackets,BUY_YES,0.405,95%,Game history and current statistics available
2026-01-02 21:46,131918,Al Hazem SC vs. NEOM SC - More Markets,BUY_YES,0.765,99%,Multiple news sources are available to predict the outcome of the match Al Hazem SC vs. NEOM SC.
2026-01-02 21:46,129300,SHL: Leksands IF vs. HV 71,BUY_YES,0.545,99%,
2026-01-02 22:01,101750,Stars vs. Hurricanes,BUY_YES,0.525,100%,
2026-01-02 22:01,120836,Counter-Strike: MOUZ NXT vs ALGO Esports (BO1),BUY_YES,0.51,90%,Available markets: MOUZ NXT vs ALGO Esports (BO1)
2026-01-02 22:01,131918,Al Hazem SC vs. NEOM SC - More Markets,BUY_YES,0.765,99%,
2026-01-02 22:53,101750,Stars vs. Hurricanes,BUY_YES,0.525,100%,At least one relevant news found
2026-01-02 22:54,135049,Virtus Bologna vs. Zalgiris Kaunas,BUY_YES,0.395,86%,
2026-01-02 22:54,131918,Al Hazem SC vs. NEOM SC - More Markets,BUY_YES,0.765,85%,sufficient data
2026-01-02 22:54,129313,SHL: Vaexjoe vs. Froelunda HC,BUY_NO,0.55,100%,
2026-01-02 22:55,136239,VfL Wolfsburg vs. FC St. Pauli 1910 - More Markets,BUY_NO,0.725,100%,"Market available, news available"
2026-01-02 23:01,106222,TX-32 House Election Winner,BUY_YES,0.435,99%,Unambiguous article results from multiple credible news sources indicate Julie Johnson as the winner.
2026-01-02 23:01,130250,ACF Fiorentina vs. AC Milan,BUY_YES,0.405,99%,ACF Fiorentina are the underdogs in this market
2026-01-02 23:02,109954,Flyers vs. Sabres,BUY_YES,0.575,100%,Article scores are within valid range
2026-01-02 23:02,129149,Texas Southern Tigers vs. Southern Jaguars,BUY_YES,0.375,100%,
2026-01-02 23:02,129078,Ball State Cardinals vs. Buffalo Bulls,BUY_NO,0.755,90%,Multiple articles about the Ball State Cardinals vs. Buffalo Bulls market
2026-01-02 23:03,136239,VfL Wolfsburg vs. FC St. Pauli 1910 - More Markets,BUY_NO,0.725,100%,No issues with the provided news feed.
2026-01-02 23:48,101750,Stars vs. Hurricanes,BUY_YES,0.525,99.923%,
2026-01-02 23:48,120836,Counter-Strike: MOUZ NXT vs ALGO Esports (BO1),BUY_YES,0.51,100%,No reason provided
2026-01-02 23:49,129313,SHL: Vaexjoe vs. Froelunda HC,BUY_YES,0.445,95%,Froelunda HC is playing Vaexjoe in the SHL
2026-01-02 23:49,129149,Texas Southern Tigers vs. Southern Jaguars,BUY_NO,0.625,95%,
2026-01-03 03:47,106222,TX-32 House Election Winner,BUY_NO,0.55,99%,Winner is Julie Johnson (D)
2026-01-03 03:47,135040,Fenerbahce vs. Olympiacos B.C.,BUY_YES,0.45,88%,News available for Fenerbahce vs. Olympiacos B.C.
2026-01-03 03:47,120834,Counter-Strike: SemperFi Esports vs MOUZ NXT (BO1),BUY_YES,0.465,85%,No live stream available
2026-01-03 03:48,109954,Flyers vs. Sabres,BUY_YES,0.57,100%,Valid news article provided
2026-01-03 03:48,129300,SHL: Leksands IF vs. HV 71,BUY_YES,0.555,99.984%,
2026-01-03 03:49,129169,Alabama A&M Bulldogs vs. Arkansas-Pine Bluff Golden Lions,BUY_YES,0.49,100%,Sufficient news to analyze market
2026-01-03 04:56,105840,University of Texas at Dallas Comets vs. Stephen F. Austin Lumberjacks,BUY_YES,0.465,100%,Market and News data available for University of Texas at Dallas Comets vs. Stephen F. Austin Lumberjacks
2026-01-03 04:57,106174,NC-01 House Election Winner,NEUTRAL,0.5,99%,Don Davis is the declared winner
2026-01-03 04:57,120836,Counter-Strike: MOUZ NXT vs ALGO Esports (BO1),BUY_YES,0.51,100%,
2026-01-03 04:57,132457,West Ham United FC vs. Nottingham Forest FC - More Markets,BUY_YES,0.765,100%,
2026-01-03 04:58,129076,Bowling Green Falcons vs. Massachusetts Minutemen,BUY_YES,0.48,91%,Valid match available
2026-01-03 04:58,136239,VfL Wolfsburg vs. FC St. Pauli 1910 - More Markets,BUY_YES,0.275,100%,
2026-01-03 05:44,105840,University of Texas at Dallas Comets vs. Stephen F. Austin Lumberjacks,BUY_YES,0.465,100%,
2026-01-03 05:44,135049,Virtus Bologna vs. Zalgiris Kaunas,BUY_YES,0.385,90%,
2026-01-03 05:44,101755,Bruins vs. Kraken,BUY_YES,0.56,100%,Market and news provided
2026-01-03 05:44,131918,Al Hazem SC vs. NEOM SC - More Markets,BUY_YES,0.76,99%,Multiple news sources available
2026-01-03 05:44,131917,Damac Saudi Club vs. Al Hilal Saudi Club - More Markets,BUY_YES,0.825,100%,JSON schema is valid
2026-01-03 05:45,131918,Al Hazem SC vs. NEOM SC - More Markets,BUY_YES,0.76,100%,More than 0 news available.
2026-01-03 05:45,128987,Northern Arizona Lumberjacks vs. Montana State Bobcats,BUY_YES,0.185,98%,
2026-01-03 05:45,120821,Counter-Strike: AaB esport vs MINLATE (BO1),BUY_YES,0.545,99%,
2026-01-03 05:55,101755,Bruins vs. Kraken,BUY_YES,0.56,100%,Market and News both provided
2026-01-03 05:55,120836,Counter-Strike: MOUZ NXT vs ALGO Esports (BO1),BUY_YES,0.51,100%,Both sources agree on this match.
2026-01-03 05:55,131918,Al Hazem SC vs. NEOM SC - More Markets,BUY_YES,0.76,100%,"No reason for the current response, match information found."
2026-01-03 06:57,120836,Counter-Strike: MOUZ NXT vs ALGO Esports (BO1),BUY_YES,0.51,99%,
2026-01-03 06:57,132457,West Ham United FC vs. Nottingham Forest FC - More Markets,BUY_YES,0.765,90%,Market and News data provided
2026-01-03 06:57,131918,Al Hazem SC vs. NEOM SC - More Markets,BUY_YES,0.76,87%,Multiple sources available
2026-01-03 06:58,120827,Counter-Strike: MINLATE vs ASTRAL (BO1),BUY_YES,0.585,99.9%,
2026-01-03 07:33,105840,University of Texas at Dallas Comets vs. Stephen F. Austin Lumberjacks,BUY_YES,0.47,95%,"Both news sources gave the Lumberjacks a high chance of winning, with one source showing a prediction of 99.92% and the other at 99.53%. This is likely due to their home-court advantage."
2026-01-03 07:33,120834,Counter-Strike: SemperFi Esports vs MOUZ NXT (BO1),BUY_YES,0.465,100%,No reason
2026-01-03 07:33,135049,Virtus Bologna vs. Zalgiris Kaunas,BUY_YES,0.37,100%,
2026-01-03 07:34,132457,West Ham United FC vs. Nottingham Forest FC - More Markets,BUY_YES,0.765,99%,
2026-01-03 07:34,109954,Flyers vs. Sabres,BUY_YES,0.55,98%,
2026-01-03 07:46,135049,Virtus Bologna vs. Zalgiris Kaunas,BUY_NO,0.63,97%,
2026-01-03 07:46,136900,Pelicans vs. Hawks,BUY_NO,0.655,100%,News and market provided
2026-01-03 07:47,131918,Al Hazem SC vs. NEOM SC - More Markets,BUY_YES,0.76,99%,
2026-01-03 07:47,131917,Damac Saudi Club vs. Al Hilal Saudi Club - More Markets,BUY_YES,0.83,88%,
2026-01-03 07:47,120827,Counter-Strike: MINLATE vs ASTRAL (BO1),BUY_YES,0.585,99%,Match between MINLATE and ASTRAL on 04.01.2026 at 12:00 has at least two news sources.
2026-01-03 08:00,105840,University of Texas at Dallas Comets vs. Stephen F. Austin Lumberjacks,BUY_YES,0.465,103%,
2026-01-03 08:01,130250,ACF Fiorentina vs. AC Milan,BUY_YES,0.405,85%,"ACF Fiorentina is currently at 18th and AC Milan is 4th, AC Milan is expected to win"
2026-01-03 08:01,132457,West Ham United FC vs. Nottingham Forest FC - More Markets,BUY_YES,0.765,99%,
2026-01-03 08:02,120827,Counter-Strike: MINLATE vs ASTRAL (BO1),BUY_YES,0.585,87%,
2026-01-03 08:02,120823,Counter-Strike: MINLATE vs Fingers Crossed (BO1),BUY_YES,0.585,99%,
2026-01-03 08:59,120834,Counter-Strike: SemperFi Esports vs MOUZ NXT (BO1),BUY_NO,0.59,95%,
2026-01-03 09:00,131917,Damac Saudi Club vs. Al Hilal Saudi Club - More Markets,BUY_YES,0.83,100%,
2026-01-03 09:00,128997,Mississippi State Bulldogs vs. Texas Longhorns,BUY_NO,0.54,90%,
2026-01-03 09:00,129149,Texas Southern Tigers vs. Southern Jaguars,BUY_YES,0.515,85%,
2026-01-03 09:38,105840,University of Texas at Dallas Comets vs. Stephen F. Austin Lumberjacks,BUY_YES,0.465,99%,Multiple valid sources available.
2026-01-03 09:38,120834,Counter-Strike: SemperFi Esports vs MOUZ NXT (BO1),BUY_YES,0.415,85%,no issues found with input match data
2026-01-03 09:38,135049,Virtus Bologna vs. Zalgiris Kaunas,BUY_YES,0.375,99%,News available for Virtus Bologna vs. Zalgiris Kaunas
2026-01-03 09:38,120836,Counter-Strike: MOUZ NXT vs ALGO Esports (BO1),BUY_YES,0.45,100%,no specific odds found
2026-01-03 09:39,131791,Melbourne Victory FC vs. Western Sydney Wanderers FC - More Markets,BUY_YES,0.75,84%,
2026-01-03 09:39,131917,Damac Saudi Club vs. Al Hilal Saudi Club - More Markets,BUY_YES,0.83,100%,
2026-01-03 09:39,129066,Hofstra Pride vs. Drexel Dragons,BUY_YES,0.47,100%,
2026-01-03 09:39,129064,Monmouth Hawks vs. Towson Tigers,BUY_YES,0.48,88%,Predictions available from 2 news sources.
2026-01-03 09:39,136239,VfL Wolfsburg vs. FC St. Pauli 1910 - More Markets,BUY_NO,0.725,99%,Successful analysis
2026-01-03 09:50,136897,Wizards vs. 76ers,BUY_NO,0.67,100%,Provided information is valid for the specified market
2026-01-03 09:50,101755,Bruins vs. Kraken,BUY_YES,0.525,90%,Both teams are covered in the news articles.
2026-01-03 09:50,131791,Melbourne Victory FC vs. Western Sydney Wanderers FC - More Markets,BUY_YES,0.75,95%,
2026-01-03 09:50,131917,Damac Saudi Club vs. Al Hilal Saudi Club - More Markets,BUY_YES,0.83,98%,
2026-01-03 09:51,128997,Mississippi State Bulldogs vs. Texas Longhorns,BUY_YES,0.46,98.85%,
2026-01-03 09:51,129066,Hofstra Pride vs. Drexel Dragons,BUY_YES,0.47,98%,
2026-01-03 10:42,136897,Wizards vs. 76ers,BUY_YES,0.335,100%,News has been validated successfully
2026-01-03 10:42,135049,Virtus Bologna vs. Zalgiris Kaunas,BUY_YES,0.375,100%,No issues found
2026-01-03 10:43,132457,West Ham United FC vs. Nottingham Forest FC - More Markets,BUY_YES,0.765,100%,Market and news are available
2026-01-03 10:43,131918,Al Hazem SC vs. NEOM SC - More Markets,BUY_YES,0.765,100%,
2026-01-03 10:43,128997,Mississippi State Bulldogs vs. Texas Longhorns,BUY_NO,0.54,100%,
2026-01-03 10:43,128973,Stetson Hatters vs. Central Arkansas Bears,BUY_NO,0.49,100%,No issues found in the provided news feed.
2026-01-03 10:44,129182,Memphis Tigers vs. Rice Owls,BUY_YES,0.51,96%,
2026-01-03 10:53,105840,University of Texas at Dallas Comets vs. Stephen F. Austin Lumberjacks,BUY_YES,0.465,99%,
2026-01-03 10:53,106222,TX-32 House Election Winner,BUY_NO,0.58,99%,"Julie Johnson, a Democrat, wins the 32nd District in Texas."
2026-01-03 10:54,131917,Damac Saudi Club vs. Al Hilal Saudi Club - More Markets,BUY_YES,0.825,100%,
2026-01-03 10:54,132457,West Ham United FC vs. Nottingham Forest FC - More Markets,BUY_YES,0.765,99%,
2026-01-03 11:29,132457,West Ham United FC vs. Nottingham Forest FC - More Markets,BUY_YES,0.765,100%,
2026-01-03 11:30,128973,Stetson Hatters vs. Central Arkansas Bears,BUY_YES,0.51,100%,No issues found
2026-01-03 11:45,105840,University of Texas at Dallas Comets vs. Stephen F. Austin Lumberjacks,BUY_YES,0.465,103%,
2026-01-03 11:46,130250,ACF Fiorentina vs. AC Milan,BUY_YES,0.475,99%,Serie A team information available.
2026-01-03 11:46,135049,Virtus Bologna vs. Zalgiris Kaunas,PASS,0.605,95%,
2026-01-03 11:46,131983,Stade de Reims vs. FC Annecy - More Markets,BUY_YES,0.225,100%,
2026-01-03 11:46,132457,West Ham United FC vs. Nottingham Forest FC - More Markets,BUY_YES,0.765,100%,News articles found
2026-01-03 11:47,129066,Hofstra Pride vs. Drexel Dragons,BUY_YES,0.46,99%,News articles detected for Hofstra Pride vs. Drexel Dragons.
2026-01-03 11:47,129064,Monmouth Hawks vs. Towson Tigers,BUY_YES,0.48,100%,
2026-01-03 13:37,101755,Bruins vs. Kraken,BUY_YES,0.525,100%,Available news articles found
2026-01-03 13:37,140083,Brisbane International: Jiri Lehecka vs Tomas Machac,BUY_YES,0.63,99%,
2026-01-03 13:37,140075,Paris Saint-Germain FC vs. Lille OSC,BUY_YES,0.655,99%,
2026-01-03 13:37,131791,Melbourne Victory FC vs. Western Sydney Wanderers FC - More Markets,BUY_YES,0.765,99%,No issues found
2026-01-03 13:38,133320,AHL: Wilkes-Barre/Scranton Penguins vs. Syracuse Crunch,BUY_YES,0.525,100%,Games available
2026-01-03 13:53,105840,University of Texas at Dallas Comets vs. Stephen F. Austin Lumberjacks,BUY_YES,0.465,85%,Upcoming match information found
2026-01-03 13:53,101755,Bruins vs. Kraken,BUY_YES,0.525,85%,
2026-01-03 13:53,120836,Counter-Strike: MOUZ NXT vs ALGO Esports (BO1),BUY_YES,0.525,99.98746%,
2026-01-03 13:54,131791,Melbourne Victory FC vs. Western Sydney Wanderers FC - More Markets,BUY_YES,0.765,100%,
2026-01-03 13:54,129032,Texas A&M-Corpus Christi Islanders vs. Texas-Rio Grande Valley Vaqueros,BUY_YES,0.53,85%,Valid input
2026-01-03 14:40,120836,Counter-Strike: MOUZ NXT vs ALGO Esports (BO1),BUY_YES,0.525,100%,
2026-01-03 14:40,140399,LoL: LGD Gaming vs Ultra Prime (BO3),BUY_YES,0.625,87%,
2026-01-03 14:41,131917,Damac Saudi Club vs. Al Hilal Saudi Club - More Markets,BUY_YES,0.83,95%,
2026-01-03 14:41,140402,LoL: LNG Esports vs Ultra Prime (BO3),BUY_YES,0.615,100%,Predicted score available from multiple news sources
2026-01-03 14:41,140084,"ASB Classic, Qualification: Veronika Erjavec vs Sofia Costoulas",BUY_YES,0.54,100%,
2026-01-03 14:41,109954,Flyers vs. Sabres,BUY_YES,0.535,100%,Success: Market and News data are available.
2026-01-03 14:41,140440,LoL: Bilibili Gaming vs Anyone's Legend (BO3),BUY_YES,0.495,100%,valid market and news for LoL: Bilibili Gaming vs Anyone's Legend (BO3)
2026-01-03 14:52,105840,University of Texas at Dallas Comets vs. Stephen F. Austin Lumberjacks,BUY_NO,0.535,100%,
2026-01-03 14:52,106222,TX-32 House Election Winner,BUY_NO,0.515,99%,"Julie Johnson, a Democrat, wins the 32nd District in Texas."
2026-01-03 14:52,106216,PA-10 House Election Winner,BUY_NO,0.52,98%,No clear winner declared for PA-10 House special election.
2026-01-03 14:52,131272,DEL: Bremerhaven vs. Iserlohn Roosters,BUY_YES,0.675,100%,Two valid live scores found on flashscore and livescore
2026-01-03 14:52,140083,Brisbane International: Jiri Lehecka vs Tomas Machac,BUY_YES,0.63,100%,No issues found
2026-01-03 14:53,140399,LoL: LGD Gaming vs Ultra Prime (BO3),BUY_YES,0.625,90%,The given news indicates LGD Gaming has a higher win rate and overall stronger performance.
2026-01-03 14:53,132457,West Ham United FC vs. Nottingham Forest FC - More Markets,BUY_YES,0.765,100%,No apparent errors in input data.
2026-01-03 14:53,131918,Al Hazem SC vs. NEOM SC - More Markets,BUY_YES,0.765,100%,Available markets detected
2026-01-03 14:53,140101,"Brisbane International, Qualification: Ethan Quinn vs Raphael Collignon",BUY_YES,0.53,90%,Not enough data to determine the winner.
2026-01-03 15:35,101755,Bruins vs. Kraken,BUY_YES,0.525,100%,
2026-01-03 15:35,131272,DEL: Bremerhaven vs. Iserlohn Roosters,BUY_YES,0.675,99.992308%,Latest available odds are from 04/01/2026
2026-01-03 15:35,140083,Brisbane International: Jiri Lehecka vs Tomas Machac,BUY_YES,0.655,100%,No errors in input
2026-01-03 15:36,131791,Melbourne Victory FC vs. Western Sydney Wanderers FC - More Markets,BUY_YES,0.765,100%,No issues with the provided data
2026-01-03 15:49,101750,Stars vs. Hurricanes,BUY_YES,0.53,99%,No errors found
2026-01-03 15:49,120836,Counter-Strike: MOUZ NXT vs ALGO Esports (BO1),BUY_YES,0.525,100%,Both news sources agree on the outcome of the match
2026-01-03 15:49,101755,Bruins vs. Kraken,BUY_YES,0.525,100%,Market and news available
2026-01-03 15:49,140075,Paris Saint-Germain FC vs. Lille OSC,BUY_YES,0.655,90%,sufficient_head_to_head_data
2026-01-03 15:49,131918,Al Hazem SC vs. NEOM SC - More Markets,BUY_YES,0.765,100%,Sufficient information available about both teams
2026-01-03 15:50,132457,West Ham United FC vs. Nottingham Forest FC - More Markets,BUY_YES,0.765,100%,Market and news data are available
2026-01-03 15:50,140101,"Brisbane International, Qualification: Ethan Quinn vs Raphael Collignon",BUY_YES,0.535,85%,
2026-01-03 15:50,140440,LoL: Bilibili Gaming vs Anyone's Legend (BO3),BUY_NO,0.505,100%,Enough news content to make a prediction
2026-01-03 16:49,131918,Al Hazem SC vs. NEOM SC - More Markets,BUY_YES,0.765,88%,
2026-01-03 16:49,132457,West Ham United FC vs. Nottingham Forest FC - More Markets,BUY_YES,0.765,100%,market and news provided
2026-01-03 16:49,131287,DEL: Straubing Tigers vs. ERC Ingolstadt,BUY_YES,0.535,99%,Valid match info
2026-01-03 16:49,131290,DEL: Nurnberg Ice Tigers vs. Grizzlys Wolfsburg,BUY_YES,0.535,100%,Market information is available
2026-01-03 17:01,101755,Bruins vs. Kraken,BUY_YES,0.525,100%,No invalid data found in news feeds.
2026-01-03 17:01,120836,Counter-Strike: MOUZ NXT vs ALGO Esports (BO1),BUY_YES,0.525,100%,
2026-01-03 17:01,140083,Brisbane International: Jiri Lehecka vs Tomas Machac,BUY_YES,0.66,99%,
2026-01-03 17:02,131917,Damac Saudi Club vs. Al Hilal Saudi Club - More Markets,BUY_YES,0.83,100%,News and market found
2026-01-03 17:02,140095,Brisbane International: Brandon Nakashima vs Alejandro Davidovich Fokina,"buy_yes"" if 0.41 > 0.5 else ""hold_yes",0.41,98%,Match details found.
2026-01-03 17:02,120821,Counter-Strike: AaB esport vs MINLATE (BO1),BUY_YES,0.545,99%,match not started
2026-01-03 17:48,105840,University of Texas at Dallas Comets vs. Stephen F. Austin Lumberjacks,BUY_NO,0.535,90%,The Lumberjacks are heavily favored to win
2026-01-03 17:48,106222,TX-32 House Election Winner,BUY_YES,0.48,100%,The winner is Julie Johnson
2026-01-03 17:49,131917,Damac Saudi Club vs. Al Hilal Saudi Club - More Markets,BUY_YES,0.83,100%,Data is available for the match between Damac Saudi Club and Al Hilal Saudi Club
2026-01-03 18:01,105840,University of Texas at Dallas Comets vs. Stephen F. Austin Lumberjacks,BUY_YES,0.465,100%,Valid match data found
2026-01-03 18:01,135050,Hapoel Tel Aviv vs. BC Dubai,BUY_YES,0.485,100%,Both sources agree on the game's date and time
2026-01-03 18:02,120836,Counter-Strike: MOUZ NXT vs ALGO Esports (BO1),BUY_YES,0.525,100%,
2026-01-03 18:02,109954,Flyers vs. Sabres,BUY_YES,0.535,100%,Market and News are available
2026-01-03 18:59,105840,University of Texas at Dallas Comets vs. Stephen F. Austin Lumberjacks,BUY_YES,0.47,103%,"Stephen F. Austin Lumberjacks defeated the University of Texas at Dallas Comets 103-55 on December 21, 2025."
2026-01-03 18:59,130250,ACF Fiorentina vs. AC Milan,BUY_YES,0.49,98%,
2026-01-03 18:59,117744,Montreuil FC vs. Amiens SC,BUY_NO,0.65,100%,Two or more news sources available.
2026-01-03 18:59,140083,Brisbane International: Jiri Lehecka vs Tomas Machac,PARTIAL_BUY,0.36,96%,
2026-01-03 19:00,131918,Al Hazem SC vs. NEOM SC - More Markets,BUY_YES,0.765,100%,both sources have a score available
2026-01-03 19:00,131791,Melbourne Victory FC vs. Western Sydney Wanderers FC - More Markets,BUY_YES,0.765,100%,Market and news available
2026-01-03 19:00,131917,Damac Saudi Club vs. Al Hilal Saudi Club - More Markets,BUY_YES,0.83,84%,
2026-01-03 19:01,120827,Counter-Strike: MINLATE vs ASTRAL (BO1),BUY_YES,0.585,81%,
2026-01-03 19:29,106222,TX-32 House Election Winner,BUY_NO,0.58,99%,Election results from multiple sources confirm Julie Johnson's win in the 32nd District of Texas election.
2026-01-03 19:29,106216,PA-10 House Election Winner,BUY_YES,0.52,90%,"Republican Scott Perry won the 2024 election in the PA-10 House election, however another Democrat won a special election for a different PA House seat which could impact the majority control."
2026-01-03 19:29,120836,Counter-Strike: MOUZ NXT vs ALGO Esports (BO1),BUY_YES,0.535,100%,
2026-01-03 19:29,140083,Brisbane International: Jiri Lehecka vs Tomas Machac,BUY_YES,0.65,99%,
2026-01-03 19:30,140095,Brisbane International: Brandon Nakashima vs Alejandro Davidovich Fokina,BUY_YES,0.415,99%,Enough articles found.
2026-01-03 19:30,109954,Flyers vs. Sabres,BUY_YES,0.535,100%,The game between Flyers and Sabres was played. News articles are available.
2026-01-03 19:30,120821,Counter-Strike: AaB esport vs MINLATE (BO1),BUY_YES,0.545,85%,"both news sources report the same odds, with the winner in favor of MINLATE"
2026-01-03 19:47,140095,Brisbane International: Brandon Nakashima vs Alejandro Davidovich Fokina,BUY_YES,0.415,99%,
2026-01-03 20:40,106216,PA-10 House Election Winner,BUY_YES,0.48,99%,Dan Goughnour wins special election in western Pennsylvania as a Democrat.
2026-01-03 20:41,101755,Bruins vs. Kraken,BUY_YES,0.53,100%,'Market' and 'News' have been found
2026-01-03 20:41,131917,Damac Saudi Club vs. Al Hilal Saudi Club - More Markets,BUY_YES,0.83,96%,
2026-01-03 20:53,105840,University of Texas at Dallas Comets vs. Stephen F. Austin Lumberjacks,BUY_YES,0.46,100%,Insufficient information to determine a winner.
2026-01-03 20:53,131791,Melbourne Victory FC vs. Western Sydney Wanderers FC - More Markets,BUY_YES,0.765,90%,News sources are available
2026-01-03 21:02,105840,University of Texas at Dallas Comets vs. Stephen F. Austin Lumberjacks,BUY_YES,0.46,103%,SFA has recent score available against UTD
2026-01-03 21:02,140985,Dota 2: Execration vs Ivory (BO3),BUY_YES,0.825,99%,
2026-01-03 21:02,101755,Bruins vs. Kraken,BUY_YES,0.53,100%,
2026-01-03 21:02,120836,Counter-Strike: MOUZ NXT vs ALGO Esports (BO1),BUY_YES,0.535,100%,
2026-01-03 21:48,105840,University of Texas at Dallas Comets vs. Stephen F. Austin Lumberjacks,BUY_NO,0.54,98%,News sources available
2026-01-03 21:48,106222,TX-32 House Election Winner,BUY_NO,0.535,99%,Julie Johnson is the winner of the 2024 TX-32 House election.
2026-01-03 21:48,140985,Dota 2: Execration vs Ivory (BO3),BUY_YES,0.78,99.99%,Execration is predicted to win with 1.2
2026-01-03 21:48,101750,Stars vs. Hurricanes,BUY_YES,0.55,100%,Valid input
2026-01-03 21:49,132451,Crystal Palace FC vs. Aston Villa FC - More Markets,BUY_YES,0.75,95%,News feed is valid
2026-01-03 21:49,101755,Bruins vs. Kraken,BUY_YES,0.53,100%,Market and news are related with the Bruins vs. Kraken.
2026-01-03 21:49,132455,Everton FC vs. Wolverhampton Wanderers FC - More Markets,BUY_YES,0.71,98%,News data format is as expected
2026-01-03 21:49,140075,Paris Saint-Germain FC vs. Lille OSC,BUY_YES,0.655,98%,
2026-01-03 22:01,140985,Dota 2: Execration vs Ivory (BO3),BUY_YES,0.78,88%,
2026-01-03 22:02,132451,Crystal Palace FC vs. Aston Villa FC - More Markets,BUY_YES,0.75,100%,Market and news data available
2026-01-03 22:02,141067,Egypt vs. Benin - More Markets,BUY_NO,0.61,95%,
2026-01-03 22:02,141065,Algeria vs. DR Congo - More Markets,BUY_YES,0.64,100%,No errors or anomalies in data
2026-01-03 22:02,131918,Al Hazem SC vs. NEOM SC - More Markets,BUY_YES,0.765,100%,
2026-01-03 22:52,140985,Dota 2: Execration vs Ivory (BO3),BUY_YES,0.78,90%,Insufficient information
2026-02-01 04:16,191632,TN-08 House Election Winner,BUY_YES,0.545,98%,Matt Van Epps is the declared winner of the TN-08 House Election
2026-02-01 04:17,191701,Will GRVT launch a token by ___?,BUY_YES,0.565,99%,
2026-02-01 04:17,191647,TX-16 House Election Winner,BUY_NO,0.545,100%,Congresswoman Veronica Escobar represents Texas' 16th Congressional District and is the current representative.
2026-02-01 04:17,188415,Los Angeles FC vs. Inter Miami CF - More Markets,BUY_YES,0.85,100%,
2026-02-01 04:17,187053,AFC Bournemouth vs. Aston Villa FC - More Markets,BUY_YES,0.82,98%,
2026-02-01 04:17,166490,Olympique Lyonnais vs. Stade Lavallois Mayenne FC,BUY_YES,0.775,90%,Match found between Olympique Lyonnais and Stade Lavallois Mayenne FC.
2026-02-01 04:18,188662,Rainbow Six Siege: Daystar vs Elevate (BO3) - Six Invitational Group B,BUY_NO,0.69,100%,
2026-02-01 04:18,188681,Rainbow Six Siege: Ninjas in Pyjamas vs M80 (BO3) - Six Invitational Group A,BUY_NO,0.76,91%,Both news sources provide favorable information about the game.
2026-02-01 04:18,189213,LoL: LOUD vs Fluxo W7M (BO1) - CBLOL Cup Regular Season,BUY_YES,0.635,100%,
2026-02-01 05:47,106216,PA-10 House Election Winner,BUY_NO,0.625,99%,PA-10 house election winner is Rep. Scott Perry.
2026-02-01 05:47,191701,Will GRVT launch a token by ___?,BUY_YES,0.565,99%,"Yes, GRVT's market presence suggests they have plans to launch a token at some point."
2026-02-01 05:47,189780,Film Independent Spirit Awards: Best First Screenplay Winner,BUY_YES,0.41,99%,Sean Wang's 'Dìdi' is the Best First Screenplay Winner
2026-02-01 05:47,183808,CD Concepción vs. O'Higgins FC,BUY_NO,0.545,85%,News available for the CD Concepción vs. O'Higgins FC match
2026-02-01 05:47,188415,Los Angeles FC vs. Inter Miami CF - More Markets,BUY_YES,0.85,88%,More Markets found in Los Angeles Memorial Coliseum
2026-02-01 05:48,166490,Olympique Lyonnais vs. Stade Lavallois Mayenne FC,BUY_YES,0.78,100%,
2026-02-01 05:48,175583,Al Okhdood SC vs. NEOM SC - More Markets,BUY_YES,0.505,85%,
2026-02-01 05:48,190034,Paris Saint-Germain FC vs. Olympique de Marseille - More Markets,BUY_NO,0.325,95%,Enough information available
2026-02-01 05:48,189213,LoL: LOUD vs Fluxo W7M (BO1) - CBLOL Cup Regular Season,BUY_YES,0.635,100%,News available
2026-02-01 05:49,194353,Valorant: RAFHA eSPORTS vs Vibranium Esports (BO3) - VCL MENA: Resilience Kickoff Group Stage - NA,BUY_YES,0.5,88%,Match found
2026-02-01 06:34,193689,Oilers vs. Kings,BUY_YES,0.715,99%,News and market data provided
2026-02-01 06:34,191632,TN-08 House Election Winner,BUY_YES,0.545,99%,David Kustoff is declared the winner by the Associated Press
2026-02-01 06:34,191701,Will GRVT launch a token by ___?,BUY_YES,0.565,100%,GRVT has a past token sale and market data available
2026-02-01 06:34,106186,PA-01 House Election Winner,BUY_YES,0.335,100%,Brian Fitzpatrick is the winner in both 2022 and 2024 PA-01 House elections as per Ballotpedia.
2026-02-01 06:35,187053,AFC Bournemouth vs. Aston Villa FC - More Markets,BUY_YES,0.82,100%,
2026-02-01 06:35,188681,Rainbow Six Siege: Ninjas in Pyjamas vs M80 (BO3) - Six Invitational Group A,BUY_NO,0.76,99%,Match score prediction is available.
2026-02-01 06:35,190034,Paris Saint-Germain FC vs. Olympique de Marseille - More Markets,BUY_YES,0.675,98%,
2026-02-01 06:35,194685,Ostrava Open: Caty McNally vs Suzan Lamens,BUY_YES,0.665,99%,match found
2026-02-01 06:35,193658,SHL: Timraa vs. Linkoeping,BUY_YES,0.55,85%,There is no reason to reject the input.
2026-02-01 07:25,190502,Film Independent Spirit Awards: Best Breakthrough Performance Winner (TV),BUY_YES,0.415,84%,
2026-02-01 07:25,187200,Super Rugby Pacific: Western Force vs Blues,BUY_NO,0.51,100%,
2026-02-01 07:26,106186,PA-01 House Election Winner,BUY_NO,0.675,100%,The winner of the 2024 Pennsylvania's 1st Congressional District election is Brian Fitzpatrick.
2026-02-01 07:26,189818,Film Independent Spirit Awards: Best Editing Winner,BUY_YES,0.435,99.888305%,
2026-02-01 07:26,191398,DE-AL House Election Winner,BUY_Yes,0.83,800%,Christian Menefee won the US House election for seat in Texas.
2026-02-01 07:26,188415,Los Angeles FC vs. Inter Miami CF - More Markets,BUY_YES,0.85,100%,
2026-02-01 07:26,189169,Pallacanestro Trieste vs. Universo Treviso Basket,BUY_YES,0.725,92%,Valid data provided
2026-02-01 07:27,189213,LoL: LOUD vs Fluxo W7M (BO1) - CBLOL Cup Regular Season,BUY_YES,0.635,100%,Match found
2026-02-01 07:27,194661,Open Sud de France: Miomir Kecmanovic vs Pablo Carreno Busta,BUY_YES,0.505,83%,Both sources suggest Pablo Carreno Busta has an advantage over Miomir Kecmanovic.
2026-02-01 07:59,191654,TX-24 House Election Winner,BUY_YES,0.445,99%,Christian Menefee won the Texas-24 House election
2026-02-01 07:59,191647,TX-16 House Election Winner,BUY_NO,0.545,82%,Christian Menefee won the special election in Texas
2026-02-01 08:00,166490,Olympique Lyonnais vs. Stade Lavallois Mayenne FC,BUY_YES,0.775,100%,
2026-02-01 08:00,193188,Argentino vs. Olimpico,BUY_NO,0.685,95%,Valid JSON with 3 keys
2026-02-01 08:29,106216,PA-10 House Election Winner,BUY_NO,0.62,99%,The winner of the PA-10 House election is Scott Perry.
2026-02-01 08:30,189780,Film Independent Spirit Awards: Best First Screenplay Winner,BUY_YES,0.41,99%,Sean Wang's 'Dìdi' won the Best First Screenplay award.
2026-02-01 08:30,191654,TX-24 House Election Winner,BUY_YES,0.43,84%,Christian Menefee is the Democratic winner of the TX-24 House Election
2026-02-01 09:02,191701,Will GRVT launch a token by ___?,BUY_YES,0.57,100%,"Market exists, and there are relevant news"
2026-02-01 09:03,188415,Los Angeles FC vs. Inter Miami CF - More Markets,BUY_YES,0.85,100%,Successful News Retrieval
2026-02-01 09:03,187053,AFC Bournemouth vs. Aston Villa FC - More Markets,BUY_YES,0.82,95%,Valid input
2026-02-01 09:03,166490,Olympique Lyonnais vs. Stade Lavallois Mayenne FC,BUY_YES,0.775,90%,Data appears to be a valid match news
2026-02-01 09:03,175587,Al Riyadh Saudi Club vs. Al Nassr Saudi Club - More Markets,BUY_YES,0.48,100%,valid news feed
2026-02-01 09:03,190034,Paris Saint-Germain FC vs. Olympique de Marseille - More Markets,DONT_BUY,0.325,99%,Market and news data are available
2026-02-01 09:57,106222,TX-32 House Election Winner,BUY_NO,0.76,100%,State Rep. Julie Johnson wins Colin Allred's 32nd Congressional District seat
2026-02-01 09:57,106216,PA-10 House Election Winner,BUY_NO,0.595,100%,"Based on the news, the winner of the PA-10 House election is Democrat Janelle Stelson with a reported score of 0.9981756."
2026-02-01 09:57,191654,TX-24 House Election Winner,BUY_NO,0.555,95%,"Christian Menefee, a Democrat, won the TX-24 House election."
2026-02-01 09:57,106174,NC-01 House Election Winner,BUY_YES,0.5,99%,Don Davis wins NC 1st Congressional District
2026-02-01 09:57,191632,TN-08 House Election Winner,BUY_NO,0.455,99%,David Kustoff is the winner of the TN-08 House Election.
2026-02-01 09:57,191647,TX-16 House Election Winner,BUY_NO,0.56,100%,Democratic candidate Christian Menefee wins Texas special election for US House seat
2026-02-01 09:58,188415,Los Angeles FC vs. Inter Miami CF - More Markets,BUY_YES,0.85,100%,
2026-02-01 09:58,190098,Villarreal CF vs. RCD Espanyol de Barcelona - More Markets,BUY_YES,0.64,1000%,
2026-02-01 09:59,183765,AD Cali vs. AD Pasto,BUY_NO,0.84,91%,There are two news articles available.
2026-02-01 10:16,187200,Super Rugby Pacific: Western Force vs Blues,BUY_YES,0.495,100%,Market found
2026-02-01 10:16,106216,PA-10 House Election Winner,BUY_YES,0.375,99%,"Scott Perry defeats Janelle Stelson, wins reelection in PA-10"
2026-02-01 10:16,191398,DE-AL House Election Winner,BUY_YES,0.83,85%,Christian Menefee won the election for the US House seat in Texas.
2026-02-01 10:16,191647,TX-16 House Election Winner,BUY_YES,0.44,97%,Christian Menefee wins Texas special election for US House seat
2026-02-01 10:17,166490,Olympique Lyonnais vs. Stade Lavallois Mayenne FC,BUY_YES,0.775,100%,
2026-02-01 10:17,190034,Paris Saint-Germain FC vs. Olympique de Marseille - More Markets,BUY_YES,0.675,90%,JSON format is valid
2026-02-01 10:17,194353,Valorant: RAFHA eSPORTS vs Vibranium Esports (BO3) - VCL MENA: Resilience Kickoff Group Stage - NA,BUY_YES,0.5,99%,match info available
2026-02-01 10:18,188311,FC Cincinnati vs. Atlanta United FC,BUY_YES,0.52,83%,
2026-02-01 10:18,188313,Orlando City SC vs. New York Red Bulls,BUY_NO,0.51,99%,
2026-02-01 10:18,183765,AD Cali vs. AD Pasto,NOT_SURE,0.84,100%,Insufficient information to determine odds confidence
2026-02-01 10:58,106222,TX-32 House Election Winner,BUY_NO,0.76,98%,Democrat Christian Menefee wins special election for Texas U.S. House seat
2026-02-01 10:58,106186,PA-01 House Election Winner,BUY_YES,0.295,85%,Incumbent Brian Fitzpatrick was declared the winner for PA-01 House Election
2026-02-01 10:59,189780,Film Independent Spirit Awards: Best First Screenplay Winner,BUY_NO,0.585,99%,"Sean Wang's ""Dìdi"""
2026-02-01 10:59,187200,Super Rugby Pacific: Western Force vs Blues,BUY_YES,0.495,100%,
2026-02-01 10:59,194170,BV Borussia 09 Dortmund vs. 1. FSV Mainz 05,BUY_YES,0.73,100%,Predictions available
2026-02-01 10:59,188415,Los Angeles FC vs. Inter Miami CF - More Markets,BUY_YES,0.85,86%,
2026-02-01 10:59,166490,Olympique Lyonnais vs. Stade Lavallois Mayenne FC,BUY_YES,0.775,100%,Match prediction score is available
2026-02-01 11:00,188681,Rainbow Six Siege: Ninjas in Pyjamas vs M80 (BO3) - Six Invitational Group A,BUY_YES,0.235,100%,Match data is present
2026-02-01 11:00,190075,LoL: SK Gaming vs GIANTX (BO1) - LEC Versus Regular Season,BUY_YES,0.51,82%,
2026-02-01 11:00,188311,FC Cincinnati vs. Atlanta United FC,BUY_YES,0.52,100%,Both articles confirm the match between FC Cincinnati and Atlanta United FC with scores: FC Cincinnati vs. Atlanta United FC.
2026-02-01 11:16,191690,WV-02 House Election Winner,BUY_NO,0.835,90%,Winning candidate: Riley Moore
2026-02-01 11:17,187200,Super Rugby Pacific: Western Force vs Blues,BUY_YES,0.495,95%,All inputs within expected format and range
2026-02-01 11:17,106216,PA-10 House Election Winner,BUY_NO,0.6,100%,Scott Perry was re-elected as the PA-10 House Representative
2026-02-01 11:17,189780,Film Independent Spirit Awards: Best First Screenplay Winner,BUY_YES,0.41,99%,Sean Wang wins Best First Screenplay at the 2025 Film Independent Spirit Awards for 'Dìdi'
2026-02-01 11:17,153918,Al Nassr Saudi Club vs. Al Ittihad Saudi Club,BUY_YES,0.58,100%,news is available about the match
2026-02-01 11:17,166490,Olympique Lyonnais vs. Stade Lavallois Mayenne FC,BUY_YES,0.775,90%,
2026-02-01 11:18,190034,Paris Saint-Germain FC vs. Olympique de Marseille - More Markets,BUY_NO,0.325,88%,
2026-02-01 11:18,194685,Ostrava Open: Caty McNally vs Suzan Lamens,BUY_YES,0.69,100%,
2026-02-01 11:18,190075,LoL: SK Gaming vs GIANTX (BO1) - LEC Versus Regular Season,BUY_YES,0.51,89%,
2026-02-01 11:18,188311,FC Cincinnati vs. Atlanta United FC,PREDICT_YES,0.52,85%,FC Cincinnati lost 4-2 to Atlanta United FC
2026-02-01 11:52,106186,PA-01 House Election Winner,BUY_NO,0.705,95%,Available news articles found.
2026-02-01 11:52,153918,Al Nassr Saudi Club vs. Al Ittihad Saudi Club,BUY_YES,0.57,100%,
2026-02-01 11:52,191640,TX-07 House Election Winner,BUY_NO,0.795,98%,At least one news source confirms the winner as Christian Menefee.
2026-02-01 11:53,188681,Rainbow Six Siege: Ninjas in Pyjamas vs M80 (BO3) - Six Invitational Group A,BUY_YES,0.24,100%,
2026-02-01 11:53,194685,Ostrava Open: Caty McNally vs Suzan Lamens,BUY_YES,0.69,100%,
2026-02-01 11:53,193658,SHL: Timraa vs. Linkoeping,BUY_YES,0.56,100%,
2026-02-01 12:02,190502,Film Independent Spirit Awards: Best Breakthrough Performance Winner (TV),BUY_YES,0.41,99%,The Film Independent Spirit Awards Best Breakthrough Performance Winner (TV) information is available.
2026-02-01 12:02,193689,Oilers vs. Kings,BUY_YES,0.715,85%,
2026-02-01 12:02,106216,PA-10 House Election Winner,BUY_YES,0.44,99%,Confirmed from news sources
2026-02-01 12:03,194685,Ostrava Open: Caty McNally vs Suzan Lamens,BUY_YES,0.69,99%,Match is currently scheduled.
2026-02-01 12:03,190075,LoL: SK Gaming vs GIANTX (BO1) - LEC Versus Regular Season,BUY_YES,0.51,98%,
2026-02-01 13:29,191654,TX-24 House Election Winner,BUY_YES,0.42,96%,Christian Menefee won the TX-24 House Election
2026-02-01 13:29,106186,PA-01 House Election Winner,BUY_NO,0.635,100%,'The incumbent Brian Fitzpatrick won the election in both 2024 and 2022.'
2026-02-01 13:30,191632,TN-08 House Election Winner,BUY_YES,0.555,99%,Republican Matt Van Epps wins US House special election in TN-08.
2026-02-01 13:30,106216,PA-10 House Election Winner,BUY_YES,0.435,99%,Scott Perry is declared the winner in the PA-10 House Election.
2026-02-01 13:30,193689,Oilers vs. Kings,BUY_YES,0.715,100%,News available for Oilers vs. Kings
2026-02-01 13:30,187053,AFC Bournemouth vs. Aston Villa FC - More Markets,BUY_YES,0.82,100%,No reason provided
2026-02-01 13:30,175587,Al Riyadh Saudi Club vs. Al Nassr Saudi Club - More Markets,BUY_YES,0.5,100%,Both Al Riyadh Saudi Club and Al Nassr Saudi Club are available.
2026-02-01 13:31,194693,Mubadala Abu Dhabi Open: Dayana Yastremska vs Beatriz Haddad Maia,BUY_YES,0.68,100%,no errors found in news and market data
2026-02-01 14:03,189780,Film Independent Spirit Awards: Best First Screenplay Winner,YES,0.41,99%,Sean Wang won the Best First Screenplay at the 41st Film Independent Spirit Awards for 'Dìdi'.
2026-02-01 14:03,193689,Oilers vs. Kings,BUY_YES,0.715,90%,Market and news both valid
2026-02-01 14:03,191611,PA-13 House Election Winner,BUY_YES,0.545,100%,John Joyce wins the 13th District in Pennsylvania.
2026-02-01 14:04,187053,AFC Bournemouth vs. Aston Villa FC - More Markets,BUY_YES,0.82,100%,No reason for invalidity
2026-02-01 14:04,188415,Los Angeles FC vs. Inter Miami CF - More Markets,BUY_YES,0.85,100%,Market and news available for the Los Angeles FC vs. Inter Miami CF match.
2026-02-01 14:04,166490,Olympique Lyonnais vs. Stade Lavallois Mayenne FC,SELL_YES,0.785,100%,
2026-02-01 14:04,190034,Paris Saint-Germain FC vs. Olympique de Marseille - More Markets,BUY_YES,0.675,100%,Valid JSON input
2026-02-01 14:04,194693,Mubadala Abu Dhabi Open: Dayana Yastremska vs Beatriz Haddad Maia,BUY_NO,0.555,81%,
2026-02-01 14:58,106222,TX-32 House Election Winner,BUY_YES,0.255,85%,
2026-02-01 14:58,189818,Film Independent Spirit Awards: Best Editing Winner,BUY_YES,0.44,99%,
2026-02-01 14:58,189780,Film Independent Spirit Awards: Best First Screenplay Winner,BUY_YES,0.355,100%,Both winners of Independent Spirit Awards 2025 for Best First Screenplay and Best Debut were for 'Dìdi'.
2026-02-01 14:59,193188,Argentino vs. Olimpico,BUY_YES,0.31,95%,Recent head-to-head results strongly favor Olimpico.
2026-02-01 15:00,193658,SHL: Timraa vs. Linkoeping,BUY_YES,0.555,100%,No reason provided
2026-02-01 15:00,188311,FC Cincinnati vs. Atlanta United FC,BUY_NO,0.48,100%,No reason
2026-02-01 15:17,191654,TX-24 House Election Winner,BUY_YES,0.435,95%,Christian Menefee is the winner of the TX-24 House Election
2026-02-01 15:17,191701,Will GRVT launch a token by ___?,Buy YES,0.715,81%,
2026-02-01 15:18,191647,TX-16 House Election Winner,BUY_NO,0.6,88%,Christian Menefee is the TX-16 House Election Winner
2026-02-01 15:18,187053,AFC Bournemouth vs. Aston Villa FC - More Markets,BUY_YES,0.82,88%,
2026-02-01 15:18,189169,Pallacanestro Trieste vs. Universo Treviso Basket,YES,0.75,99%,Multiple reliable sources confirm matchup validity and result
2026-02-01 15:18,188662,Rainbow Six Siege: Daystar vs Elevate (BO3) - Six Invitational Group B,BUY_NO,0.75,100%,
2026-02-01 15:18,188681,Rainbow Six Siege: Ninjas in Pyjamas vs M80 (BO3) - Six Invitational Group A,BUY_NO,0.74,90%,
2026-02-01 15:19,193658,SHL: Timraa vs. Linkoeping,BUY_YES,0.555,99%,Enough information is present to make a confident prediction.
2026-02-01 15:19,188311,FC Cincinnati vs. Atlanta United FC,BUY_YES,0.52,100%,Both URLs are provided. The news articles support the market.
2026-02-01 15:54,106222,TX-32 House Election Winner,BUY_YES,0.315,85%,Christian Menefee is the declared winner of the TX-32 House Election.
2026-02-01 15:55,166490,Olympique Lyonnais vs. Stade Lavallois Mayenne FC,BUY_YES,0.785,100%,
2026-02-01 15:55,191640,TX-07 House Election Winner,PASS,0.805,95%,
2026-02-01 15:55,189169,Pallacanestro Trieste vs. Universo Treviso Basket,BUY_YES,0.75,85%,Multiple news sources with scores available
2026-02-01 15:56,190075,LoL: SK Gaming vs GIANTX (BO1) - LEC Versus Regular Season,BUY_YES,0.51,100%,JSON data appears valid
2026-02-01 15:56,194785,Pisa SC vs. AC Milan,BUY_YES,0.315,100%,Valid data
2026-02-01 15:56,190098,Villarreal CF vs. RCD Espanyol de Barcelona - More Markets,BUY_YES,0.61,100%,
2026-02-01 16:14,191701,Will GRVT launch a token by ___?,BUY_YES,0.505,99%,"No specific launch date is mentioned, but market and news indicate GRVT is already live."
2026-02-01 16:14,194170,BV Borussia 09 Dortmund vs. 1. FSV Mainz 05,BUY_YES,0.725,100%,Match data available
2026-02-01 16:14,191647,TX-16 House Election Winner,BUY_NO,0.57,96%,Christian Menefee
2026-02-01 16:15,187053,AFC Bournemouth vs. Aston Villa FC - More Markets,BUY_YES,0.82,100%,
2026-02-01 16:15,190337,Dota 2: GamerLegion vs OG (BO1) - BLAST Slam Group Stage,BUY_NO,0.725,99%,At least two sources available.
2026-02-01 16:16,194220,International T20 Series: Italy vs UAE (Game 1) - Most Sixes,BUY_YES,0.485,100%,
2026-02-01 17:01,190502,Film Independent Spirit Awards: Best Breakthrough Performance Winner (TV),BUY_YES,0.415,99%,
2026-02-01 17:01,191701,Will GRVT launch a token by ___?,BUY_YES,0.53,88%,"News about token launch, odds, and target date for Q1 2026"
2026-02-01 17:01,191632,TN-08 House Election Winner,BUY_NO,0.46,99.91%,Republican David Kustoff wins the Eighth District in Tennessee.
2026-02-01 17:01,189818,Film Independent Spirit Awards: Best Editing Winner,BUY_NO,0.57,99%,
2026-02-01 17:24,106222,TX-32 House Election Winner,BUY_YES,0.315,98%,"According to all provided news sources, the winner of the TX-32 House Election is a Democrat"
2026-02-01 17:25,191701,Will GRVT launch a token by ___?,BUY_YES,0.535,99%,Available information suggests GRVT may launch a token within the given timeframe based on Polymarket odds.
2026-02-01 17:25,191632,TN-08 House Election Winner,BUY_YES,0.535,99%,Matt Van Epps won in House District 8 election in Tennessee 2024
2026-02-01 17:25,187053,AFC Bournemouth vs. Aston Villa FC - More Markets,BUY_YES,0.82,100%,No conflicting news information found
2026-02-01 17:25,166490,Olympique Lyonnais vs. Stade Lavallois Mayenne FC,BUY_YES,0.79,100%,Success
2026-02-01 17:25,189169,Pallacanestro Trieste vs. Universo Treviso Basket,BUY_YES,0.74,99%,News available for market: Pallacanestro Trieste vs. Universo Treviso Basket
2026-02-01 17:56,191632,TN-08 House Election Winner,BUY_YES,0.515,99%,Republican Matt Van Epps has been elected as the winner of the TN-08 House Election.
2026-02-01 17:56,193689,Oilers vs. Kings,BUY_YES,0.615,85%,
2026-02-01 17:56,191701,Will GRVT launch a token by ___?,BUY_YES,0.535,99%,
2026-02-01 17:57,106186,PA-01 House Election Winner,BUY_NO,0.63,100%,Fitzpatrick is still the winner of the PA-01 House election.
2026-02-01 17:57,189780,Film Independent Spirit Awards: Best First Screenplay Winner,BUY_YES,0.385,85%,"Sean Wang's ""Dìdi"" won the Best First Screenplay at the 2025 Independent Spirit Awards."
2026-02-01 17:58,193188,Argentino vs. Olimpico,BUY_YES,0.31,99%,
2026-02-01 18:17,106222,TX-32 House Election Winner,BUY_NO,0.685,98%,Christian Menefee is the winner of the TX-32 House Election
2026-02-01 18:17,189818,Film Independent Spirit Awards: Best Editing Winner,BUY_YES,0.445,85%,Hansjörg Weissbrich wins Best Editing at the 2025 Film Independent Spirit Awards
2026-02-01 18:17,191647,TX-16 House Election Winner,BUY_NO,0.555,99%,'Christian Menefee' is mentioned in all news articles.
2026-02-01 18:18,190337,Dota 2: GamerLegion vs OG (BO1) - BLAST Slam Group Stage,BUY_NO,0.7,96%,All sources have a score greater than 0.999
2026-02-01 19:05,191701,Will GRVT launch a token by ___?,BUY_YES,0.53,99%,Launch not ruled out based on news articles.
2026-02-01 19:05,191398,DE-AL House Election Winner,BUY_YES,0.785,99%,Sarah McBride is the winner of the 2024 Delaware House Election.
2026-02-01 19:05,166490,Olympique Lyonnais vs. Stade Lavallois Mayenne FC,BUY_YES,0.79,100%,
2026-02-01 19:06,193658,SHL: Timraa vs. Linkoeping,BUY_YES,0.555,90%,Enough information is available to make an informed prediction.
2026-02-01 19:06,194224,International T20 Series: Afghanistan vs West Indies (Game 1) - Most Sixes,BUY_NO,0.525,100%,Not applicable
2026-02-01 19:52,191690,WV-02 House Election Winner,BUY_NO,0.845,100%,Riley Moore is the winner in WV-02 House Election
2026-02-01 19:53,191632,TN-08 House Election Winner,BUY_YES,0.52,99%,Republican Matt Van Epps wins US House special election in Tennessee's 8th congressional district
2026-02-01 19:53,188415,Los Angeles FC vs. Inter Miami CF - More Markets,BUY_YES,0.85,100%,News available for the match
2026-02-01 19:53,188662,Rainbow Six Siege: Daystar vs Elevate (BO3) - Six Invitational Group B,BUY_YES,0.35,100%,
2026-02-01 19:54,193188,Argentino vs. Olimpico,BUY_NO,0.69,88%,valid input
2026-02-01 19:54,194693,Mubadala Abu Dhabi Open: Dayana Yastremska vs Beatriz Haddad Maia,BUY_NO,0.57,85%,The tennis match between Dayana Yastremska and Beatriz Haddad Maia will be a hard-hitting baseline battle.
2026-02-01 20:02,106222,TX-32 House Election Winner,BUY_YES,0.275,85%,Democrat Menefee wins Texas special election for US House seat and has flipped the Republican seat.
2026-02-01 20:02,191632,TN-08 House Election Winner,BUY_YES,0.52,99%,David Kustoff won Tennessee's 8th Congressional District in 2024 election
2026-02-01 20:02,153918,Al Nassr Saudi Club vs. Al Ittihad Saudi Club,BUY_YES,0.54,84%,
2026-02-01 20:03,195432,Valorant: Polar Squad Esports GC vs Looking For Laburo (BO3) - VCT Game Changers Latin America South- Kickoff Playoffs,BUY_YES,0.515,99%,Match data available
2026-02-01 20:03,187133,UD Las Palmas vs. Burgos CF,NO,0.48,99%,
2026-02-01 20:03,190098,Villarreal CF vs. RCD Espanyol de Barcelona - More Markets,YES,0.61,100%,The API response from the news endpoint appears to be valid.
2026-02-01 20:03,194220,International T20 Series: Italy vs UAE (Game 1) - Most Sixes,BUY_YES,0.485,98%,Article available for International T20 matches
2026-02-01 20:57,106216,PA-10 House Election Winner,BUY_YES,0.375,100%,Scott Perry defeats Janelle Stelson and wins reelection in PA-10 based on news article.
2026-02-01 20:57,188415,Los Angeles FC vs. Inter Miami CF - More Markets,BUY_YES,0.85,100%,
2026-02-01 20:57,188662,Rainbow Six Siege: Daystar vs Elevate (BO3) - Six Invitational Group B,"BUY_YES"" if 0.295 > 0.5 else ""BUY_NO",0.295,99%,match_score_exists
2026-02-01 20:58,195432,Valorant: Polar Squad Esports GC vs Looking For Laburo (BO3) - VCT Game Changers Latin America South- Kickoff Playoffs,BUY_YES,0.505,88%,Match preview exists on multiple sources.
2026-02-01 20:58,188311,FC Cincinnati vs. Atlanta United FC,BUY_YES,0.52,100%,Match is found between FC Cincinnati and Atlanta United FC starting on 21 Feb 2026.
2026-02-01 21:13,189818,Film Independent Spirit Awards: Best Editing Winner,BUY_YES,0.425,99%,The winner of the 2025 Film Independent Spirit Awards - Best Editing is Hansjörg Weissbrich.
2026-02-01 21:14,188662,Rainbow Six Siege: Daystar vs Elevate (BO3) - Six Invitational Group B,BUY_YES,0.295,100%,Data looks normal. Extracting score information
2026-02-01 21:14,193658,SHL: Timraa vs. Linkoeping,BUY_YES,0.55,100%,News available for market: SHL: Timraa vs. Linkoeping
2026-02-01 21:14,188311,FC Cincinnati vs. Atlanta United FC,BUY_YES,0.52,99%,Valid news articles found for the match between FC Cincinnati and Atlanta United FC.
2026-02-01 21:15,194222,International T20 Series: Afghanistan vs West Indies (Game 1),BUY_YES,0.57,90%,
2026-02-01 21:56,195465,Mavericks vs. Spurs,BUY_YES,0.265,100%,Valid market and news provided
2026-02-01 21:56,190337,Dota 2: GamerLegion vs OG (BO1) - BLAST Slam Group Stage,BUY_YES,0.29,99%,"Enough news sources have predicted the game, so the predicted outcome is reliable"
2026-02-01 21:57,188681,Rainbow Six Siege: Ninjas in Pyjamas vs M80 (BO3) - Six Invitational Group A,BUY_NO,0.69,98%,
2026-02-01 21:57,193187,Platense vs. Obras,BUY_YES,0.425,100%,
2026-02-01 22:01,106222,TX-32 House Election Winner,BUY_NO,0.695,96%,The winner of the TX-32 House election can be deduced as Democrat Christian Menefee based on the provided news sources.
2026-02-01 22:01,106216,PA-10 House Election Winner,BUY_NO,0.62,99%,Scott Perry wins reelection in PA-10
2026-02-01 22:01,193689,Oilers vs. Kings,BUY.YES,0.615,100%,Valid news feed for the Oilers vs. Kings game
2026-02-01 22:02,191701,Will GRVT launch a token by ___?,BUY_YES,0.53,85%,"No specific launch date was found, however token launch is expected"
2026-02-01 22:02,153918,Al Nassr Saudi Club vs. Al Ittihad Saudi Club,BUY_YES,0.58,90%,Last 9 matches between teams have resulted in 0 draws.
2026-02-01 22:02,190337,Dota 2: GamerLegion vs OG (BO1) - BLAST Slam Group Stage,BUY_NO,0.71,99%,sufficient sources
2026-02-01 22:02,188662,Rainbow Six Siege: Daystar vs Elevate (BO3) - Six Invitational Group B,BUY_NO,0.705,100%,Multiple reliable news sources found.
2026-02-01 22:02,188681,Rainbow Six Siege: Ninjas in Pyjamas vs M80 (BO3) - Six Invitational Group A,BUY_YES,0.295,99.99%,
2026-02-01 22:02,195432,Valorant: Polar Squad Esports GC vs Looking For Laburo (BO3) - VCT Game Changers Latin America South- Kickoff Playoffs,BUY_YES,0.52,95%,
2026-02-01 22:58,195381,Honor of Kings: Mighty Tiger Gaming vs XQG Esports Club (BO5) - KPL Growth League Group Stage,BUY_YES,0.51,85%,Valid information found
2026-02-01 22:58,191640,TX-07 House Election Winner,BUY_YES,0.445,96%,Christian Menefee won the TX-07 House Election
2026-02-01 22:58,189227,Sport Lisboa e Benfica vs. FC Alverca - More Markets,BUY_YES,0.805,100%,no errors in input data
2026-02-01 22:58,188681,Rainbow Six Siege: Ninjas in Pyjamas vs M80 (BO3) - Six Invitational Group A,BUY_YES,0.31,99%,
2026-02-01 22:59,193187,Platense vs. Obras,BUY_NO,0.565,100%,Multiple news sources found.
2026-02-01 22:59,194783,Bayer 04 Leverkusen vs. FC St. Pauli 1910,BUY_YES,0.66,100%,All news items found.
2026-02-01 23:17,106222,TX-32 House Election Winner,BUY_NO,0.68,95%,"Based on provided news sources from CNN and YouTube, Democrat Christian Menefee appears to be the winner of the TX-32 House Election."
2026-02-01 23:17,106216,PA-10 House Election Winner,BUY_YES,0.53,99%,Scott Perry was reported as the winner in multiple news sources.
2026-02-01 23:17,191647,TX-16 House Election Winner,BUY_YES,0.49,97%,Christian Menefee has won the TX-16 House election.
2026-02-01 23:18,188662,Rainbow Six Siege: Daystar vs Elevate (BO3) - Six Invitational Group B,BUY_NO,0.685,999%,
2026-02-01 23:18,195461,Rockets vs. Thunder,BUY_YES,0.325,87%,
2026-02-01 23:18,188681,Rainbow Six Siege: Ninjas in Pyjamas vs M80 (BO3) - Six Invitational Group A,BUY_NO,0.69,99.9982%,"Valid match info, recent form data and prediction available."
2026-02-01 23:18,193187,Platense vs. Obras,BUY_NO,0.575,90%,
2026-02-01 23:18,187133,UD Las Palmas vs. Burgos CF,BUY_NO,0.48,100%,Multiple reliable news sources found
2026-02-01 23:18,188311,FC Cincinnati vs. Atlanta United FC,BUY_NO,0.48,100%,Match is scheduled to happen on 21st February 2026 at 9:45 PM UTC
2026-02-01 23:56,193689,Oilers vs. Kings,BUY_YES,0.595,90%,Market and news provided.
2026-02-01 23:56,194198,International T20 Series: Ireland vs Pakistan (Game 1),BUY_NO,0.775,100%,Market: International T20 Series: Ireland vs Pakistan (Game 1) - News is available
2026-02-01 23:56,190337,Dota 2: GamerLegion vs OG (BO1) - BLAST Slam Group Stage,'YES',0.29,100%,Successful score extraction
2026-02-01 23:57,193658,SHL: Timraa vs. Linkoeping,BUY_YES,0.555,100%,no reasons provided
2026-02-01 23:57,156543,Norwich City FC vs. Blackburn Rovers FC,BUY_YES,0.46,99%,Match data is available.
2026-02-02 00:58,191654,TX-24 House Election Winner,BUY_NO,0.57,95%,Democratic candidate Christian Menefee has won the TX-24 House election.
2026-02-02 00:58,188415,Los Angeles FC vs. Inter Miami CF - More Markets,BUY_YES,0.85,83%,
2026-02-02 00:58,189227,Sport Lisboa e Benfica vs. FC Alverca - More Markets,BUY_NO,0.195,100%,
2026-02-02 03:36,193689,Oilers vs. Kings,DECIDE,0.385,85%,
2026-02-02 03:37,189818,Film Independent Spirit Awards: Best Editing Winner,BUY_YES,0.45,100%,"No specific year information, but it is the 2025 Film Independent Spirit Awards, therefore the winner is Hansjörg Weissbrich."
2026-02-02 03:37,191611,PA-13 House Election Winner,BUY_YES,0.49,99%,John Joyce wins the 13th District in Pennsylvania
2026-02-02 03:37,153918,Al Nassr Saudi Club vs. Al Ittihad Saudi Club,BUY_YES,0.59,98%,sufficient_data
2026-02-02 03:37,195877,Transylvania Open: Xinyu Wang vs Kaitlin Quevedo,BUY_YES,0.74,100%,Sufficient data available
2026-02-02 03:38,188311,FC Cincinnati vs. Atlanta United FC,BUY_YES,0.52,100%,
2026-02-02 03:38,190098,Villarreal CF vs. RCD Espanyol de Barcelona - More Markets,BUY_YES,0.68,100%,News data available
2026-02-02 03:38,194783,Bayer 04 Leverkusen vs. FC St. Pauli 1910,BUY_YES,0.665,95%,News available
2026-02-02 05:15,106222,TX-32 House Election Winner,BUY_NO,0.725,99%,"Julie Johnson, a Democrat, wins the 32nd District in Texas"
2026-02-02 05:15,187200,Super Rugby Pacific: Western Force vs Blues,BUY_YES,0.485,100%,No issue
2026-02-02 05:16,191632,TN-08 House Election Winner,BUY_YES,0.51,99%,"Based on available news sources, David Kustoff is predicted to win the TN-08 House Election."
2026-02-02 05:16,189227,Sport Lisboa e Benfica vs. FC Alverca - More Markets,BUY_YES,0.795,99%,Valid input
2026-02-02 05:16,188681,Rainbow Six Siege: Ninjas in Pyjamas vs M80 (BO3) - Six Invitational Group A,BUY_YES,0.215,94%,
2026-02-02 05:17,196096,Ostrava Open: Tamara Korpatsch vs Anna Siskova,BUY_YES,0.59,99%,Sufficient information available to make prediction
2026-02-02 06:43,187200,Super Rugby Pacific: Western Force vs Blues,BUY_YES,0.485,100%,News available for Western Force vs Blues in Super Rugby Pacific
2026-02-02 06:43,189227,Sport Lisboa e Benfica vs. FC Alverca - More Markets,BUY_YES,0.795,100%,Market data provided
2026-02-02 06:44,194783,Bayer 04 Leverkusen vs. FC St. Pauli 1910,BUY_YES,0.67,100%,Enough news sources available for predictions
2026-02-02 07:38,153918,Al Nassr Saudi Club vs. Al Ittihad Saudi Club,BUY_YES,0.59,90%,Match data available for Al Nassr Saudi Club vs. Al Ittihad Saudi Club.
2026-02-02 07:38,189227,Sport Lisboa e Benfica vs. FC Alverca - More Markets,BUY_YES,0.785,100%,More than one news source provided
2026-02-02 07:39,188681,Rainbow Six Siege: Ninjas in Pyjamas vs M80 (BO3) - Six Invitational Group A,BUY_NO,0.795,999%,valid news with score more than 0.999
2026-02-02 08:06,191654,TX-24 House Election Winner,BUY_NO,0.57,99%,Incumbent Beth Van Duyne won the election.
2026-02-02 08:06,188415,Los Angeles FC vs. Inter Miami CF - More Markets,BUY_YES,0.85,85%,Sufficient data available to determine result
2026-02-02 08:06,195461,Rockets vs. Thunder,BUY_MAYBE,0.675,90%,Article appears to be news related to the Rockets vs Thunder match.
2026-02-02 08:07,190098,Villarreal CF vs. RCD Espanyol de Barcelona - More Markets,BUY_YES,0.77,85%,All parameters are present in the JSON object.
2026-02-02 09:29,191632,TN-08 House Election Winner,BUY_YES,0.51,99%,Unanimous news sources declare Republican David Kustoff as the winner of the TN-08 House election.
2026-02-02 09:30,195877,Transylvania Open: Xinyu Wang vs Kaitlin Quevedo,BUY_YES,0.74,99%,
2026-02-02 09:30,188681,Rainbow Six Siege: Ninjas in Pyjamas vs M80 (BO3) - Six Invitational Group A,BUY_NO,0.72,99%,match found
2026-02-02 09:30,195900,Valorant: Paper Rex vs T1 (BO3) - VCT Pacific Kickoff Playoffs,BUY_YES,0.54,86%,
2026-02-02 09:31,190098,Villarreal CF vs. RCD Espanyol de Barcelona - More Markets,BUY_YES,0.77,90%,
2026-02-02 09:31,156543,Norwich City FC vs. Blackburn Rovers FC,BUY_NO,0.54,100%,No errors in data
2026-02-02 10:28,106222,TX-32 House Election Winner,BUY_YES,0.27,86%,
2026-02-02 10:28,191654,TX-24 House Election Winner,BUY_NO,0.57,98%,
2026-02-02 10:29,189227,Sport Lisboa e Benfica vs. FC Alverca - More Markets,BUY_YES,0.785,80.331%,
2026-02-02 10:29,193658,SHL: Timraa vs. Linkoeping,BUY_YES,0.555,83%,
2026-02-02 10:30,190098,Villarreal CF vs. RCD Espanyol de Barcelona - More Markets,BUY_YES,0.77,100%,
2026-02-02 11:24,189780,Film Independent Spirit Awards: Best First Screenplay Winner,BUY_YES,0.26,82%,Sean Wang's 'Dìdi' wins Best First Screenplay at the 2025 Independent Spirit Awards.
2026-02-02 11:24,189818,Film Independent Spirit Awards: Best Editing Winner,BUY_YES,0.41,81%,Hansjörg Weissbrich wins Best Editing at the 2025 Film Independent Spirit Awards.
2026-02-02 11:25,194198,International T20 Series: Ireland vs Pakistan (Game 1),BUY_YES,0.225,100%,Success
2026-02-02 11:25,188415,Los Angeles FC vs. Inter Miami CF - More Markets,BUY_YES,0.85,100%,
2026-02-02 11:25,190098,Villarreal CF vs. RCD Espanyol de Barcelona - More Markets,BUY_YES,0.77,100%,
2026-02-02 12:01,106186,PA-01 House Election Winner,BUY_YES,0.3,99%,Brian Fitzpatrick wins PA-01 election
2026-02-02 12:01,189227,Sport Lisboa e Benfica vs. FC Alverca - More Markets,CONFIRM_YES,0.79,100%,
2026-02-02 12:01,188681,Rainbow Six Siege: Ninjas in Pyjamas vs M80 (BO3) - Six Invitational Group A,BUY_YES,0.295,99%,"All sources indicate NiP winning M80, score difference is minimal and likely within margin of error."
2026-02-02 13:01,106186,PA-01 House Election Winner,BUY_NO,0.69,85%,Brian Fitzpatrick has won against Ashley Ehasz in the 2024 PA-01 House Election.
2026-02-02 13:01,188415,Los Angeles FC vs. Inter Miami CF - More Markets,BUY_YES,0.85,100%,
2026-02-02 13:01,195468,Jazz vs. Magic,BUY_YES,0.265,100%,Jazz vs. Magic market exists
2026-02-02 13:01,190337,Dota 2: GamerLegion vs OG (BO1) - BLAST Slam Group Stage,BUY.YES,0.24,100%,Enough reliable sources available
2026-02-02 13:02,195461,Rockets vs. Thunder,BUY_YES,0.315,90%,"News sources available for the game, but confidence is very high because of similar scores and headlines."
2026-02-02 13:02,190098,Villarreal CF vs. RCD Espanyol de Barcelona - More Markets,BUY_YES,0.77,90%,
2026-02-02 13:02,156543,Norwich City FC vs. Blackburn Rovers FC,BUY_YES,0.46,100%,Data looks normal
2026-02-02 13:02,160177,CA Vélez Sarsfield vs. CA Boca Juniors,BUY_NOT,0.685,95%,Match is scheduled and information is available
2026-02-02 14:03,189227,Sport Lisboa e Benfica vs. FC Alverca - More Markets,BUY_YES,0.79,100%,No errors in input data
2026-02-02 14:04,195900,Valorant: Paper Rex vs T1 (BO3) - VCT Pacific Kickoff Playoffs,BUY_YES,0.54,99%,
2026-02-02 15:25,194198,International T20 Series: Ireland vs Pakistan (Game 1),BUY_NO,0.795,95%,
2026-02-02 15:25,191632,TN-08 House Election Winner,BUY_YES,0.54,99%,Republican Matt Van Epps Wins US House Election in Tennessee
2026-02-02 15:25,193689,Oilers vs. Kings,BUY_YES,0.555,83%,
2026-02-02 15:25,189227,Sport Lisboa e Benfica vs. FC Alverca - More Markets,BUY_YES,0.79,80.331%,news available for market 'Sport Lisboa e Benfica vs. FC Alverca - More Markets'
2026-02-02 15:25,195468,Jazz vs. Magic,BUY_YES,0.265,99%,
2026-02-02 15:25,190337,Dota 2: GamerLegion vs OG (BO1) - BLAST Slam Group Stage,BUY_YES,0.28,99%,
2026-02-02 15:26,189255,CA Huracán vs. CA San Lorenzo de Almagro - More Markets,BUY_NO,0.515,100%,Successful extraction of provided news
2026-02-02 16:04,191632,TN-08 House Election Winner,BUY_YES,0.53,100%,'Republican Matt Van Epps won a special election in Tennessee in a closely watched race. The first-time GOP candidate only won by single
2026-02-02 16:04,191654,TX-24 House Election Winner,BUY_NO,0.63,95%,Christian Menefee won the Texas special election for the US House of Representatives as a Democrat.
2026-02-02 16:05,189818,Film Independent Spirit Awards: Best Editing Winner,BUY_NO,0.59,90%,2025 Film Independent Spirit Awards: Best Editing Winner is Hansjörg Weissbrich
2026-02-02 16:05,106183,OH-09 House Election Winner,SELL_NO,0.5,90%,Winner is Marcy Kaptur
2026-02-02 16:05,195900,Valorant: Paper Rex vs T1 (BO3) - VCT Pacific Kickoff Playoffs,BUY_NO,0.46,85%,
2026-02-02 16:06,187059,Burnley FC vs. West Ham United FC - More Markets,BUY_YES,0.75,99%,Invalid input
2026-02-02 17:23,106222,TX-32 House Election Winner,buy_yes,0.235,99%,"The winner of the TX-32 House election is Christian Menefee, a Democrat."
2026-02-02 17:23,189780,Film Independent Spirit Awards: Best First Screenplay Winner,BUY_YES,0.27,100%,Sean Wang's 'Dìdi' won the 2025 Film Independent Spirit Awards Best First Screenplay.
2026-02-02 17:23,106186,PA-01 House Election Winner,BUY_YES,0.31,99%,Fitzpatrick wins PA-01 House Election
2026-02-02 17:24,191640,TX-07 House Election Winner,BUY_YES,0.145,95%,"Christian Menefee wins Texas U.S. House seat, narrowing Republicans' majority."
2026-02-02 17:25,187332,Atlas FC vs. Pumas de la UNAM - More Markets,BUY_YES,0.725,83%,
2026-02-02 18:08,193658,SHL: Timraa vs. Linkoeping,BUY_YES,0.6,100%,News available for match
2026-02-02 18:09,190688,AK-AL House Election Winner,BUY_YES,0.685,99%,Nick Begich (R) has been confirmed as the winner for AK-AL House Election Winner by at least one credible source.
2026-02-02 23:08,106222,TX-32 House Election Winner,BUY_NO,0.725,100%,Julie Johnson is the TX-32 House Election winner based on the provided news sources.
2026-02-02 23:08,106216,PA-10 House Election Winner,BUY_YES,0.42,99%,Scott Perry wins reelection in PA-10
2026-02-02 23:09,191647,TX-16 House Election Winner,BUY_NO,0.67,99%,"Veronica Escobar, a Democrat, wins the 16th District in Texas. Race called by The Associated Press."
2026-02-02 23:09,188415,Los Angeles FC vs. Inter Miami CF - More Markets,BUY_YES,0.85,95%,
2026-02-02 23:09,190337,Dota 2: GamerLegion vs OG (BO1) - BLAST Slam Group Stage,BUY_YES,0.325,99%,
2026-02-02 23:09,188679,Rainbow Six Siege: Weibo Gaming vs FearX (BO3) - Six Invitational Group A,BUY_YES,0.695,85%,
2026-02-02 23:09,196491,Mubadala Abu Dhabi Open: Belinda Bencic vs Sonay Kartal,BUY_YES,0.67,99.96458%,
2026-02-02 23:09,190697,"UFC Fight Night: Mario Bautista vs. Vinicius Oliveira (Bantamweight, Main Card)",BUY_YES,0.51,90%,No errors detected
2026-02-02 23:10,195900,Valorant: Paper Rex vs T1 (BO3) - VCT Pacific Kickoff Playoffs,BUY_YES,0.545,99%,sufficient_match_data_available
2026-02-02 23:10,188308,St. Louis City SC vs. Charlotte FC,BUY_YES,0.455,100%,Insufficient data found
2026-02-02 23:10,187332,Atlas FC vs. Pumas de la UNAM - More Markets,BUY_YES,0.72,88%,News feeds for Atlas FC vs Pumas de la UNAM available.
2026-02-02 23:26,106222,TX-32 House Election Winner,BUY_YES,0.32,100%,Julie Johnson wins the TX-32 House Election
2026-02-02 23:26,187200,Super Rugby Pacific: Western Force vs Blues,BUY_YES,0.49,100%,Score: 0.9999795
2026-02-02 23:26,189780,Film Independent Spirit Awards: Best First Screenplay Winner,BUY_NO,0.71,99.90746%,"Sean Wang's ""Dìdi"" won both best first feature as well as best first screenplay."
2026-02-02 23:27,194801,WNCL: New South Wales Breakers vs Queensland Fire,BUY_NO,0.615,99%,The New South Wales Breakers won against the Queensland Fire in WNCL 2023-24
2026-02-02 23:27,190697,"UFC Fight Night: Mario Bautista vs. Vinicius Oliveira (Bantamweight, Main Card)",BUY_YES,0.51,99%,
2026-02-02 23:58,191632,TN-08 House Election Winner,BUY_YES,0.56,98%,Republican Matt Van Epps wins the TN-08 House Election.
2026-02-02 23:58,106186,PA-01 House Election Winner,BUY_YES,0.31,100%,Brian Fitzpatrick won the 2024 and 2022 elections in PA-01
2026-02-02 23:59,193689,Oilers vs. Kings,WAIT,0.445,100%,No conflicts detected
2026-02-02 23:59,195214,LoL: French Flair vs TLN Pirates (BO1) - LFL Invitational Souper Group,BUY_NO,0.345,100%,
2026-02-02 23:59,190337,Dota 2: GamerLegion vs OG (BO1) - BLAST Slam Group Stage,BUY_YES,0.325,100%,News and market data available for the game.
2026-02-02 23:59,196654,Heat vs. Wizards,BUY_YES,0.735,85%,
2026-02-02 23:59,196491,Mubadala Abu Dhabi Open: Belinda Bencic vs Sonay Kartal,BUY_YES,0.675,100%,sufficient_data
2026-02-03 00:00,190697,"UFC Fight Night: Mario Bautista vs. Vinicius Oliveira (Bantamweight, Main Card)",BUY_YES,0.51,90%,Data available for fight
2026-02-03 00:00,191314,Canisius Golden Griffins vs. Niagara Purple Eagles,BUY_NO,0.605,100%,
2026-02-03 00:00,187332,Atlas FC vs. Pumas de la UNAM - More Markets,BUY_YES,0.72,97%,
2026-02-03 01:24,106222,TX-32 House Election Winner,BUY_NO,0.76,99%,"Based on available news sources, Julie Johnson is the likely winner of the TX-32 House Election."
2026-02-03 01:24,189818,Film Independent Spirit Awards: Best Editing Winner,BUY_YES,0.43,99%,The 2025 Film Independent Spirit Awards - Best Editing Winner is Hansjörg Weissbrich
2026-02-03 01:25,191611,PA-13 House Election Winner,BUY_YES,0.84,88%,"John Joyce, a Republican, wins"
2026-02-03 01:25,193658,SHL: Timraa vs. Linkoeping,BUY_YES,0.615,100%,
2026-02-03 04:01,106174,NC-01 House Election Winner,BUY_YES,0.5,84%,Don Davis (D) is declared the winner in the NC-01 House election
2026-02-03 04:02,188415,Los Angeles FC vs. Inter Miami CF - More Markets,BUY_YES,0.85,99%,sufficient_content
2026-02-03 04:02,192708,KHL: Sibir Novosibirsk vs. Neftekhimik Nizhnekamsk,BUY_YES,0.53,100%,
2026-02-03 04:03,187199,United Rugby Championship: Lions vs Sharks,BUY_YES,0.51,99%,
2026-02-03 05:39,190502,Film Independent Spirit Awards: Best Breakthrough Performance Winner (TV),BUY_NO,0.76,85%,Jessica Gunning has been predicted to win the Film Independent Spirit Awards: Best Breakthrough Performance (TV)
2026-02-03 05:39,193689,Oilers vs. Kings,BUY_YES,0.555,100%,News found
2026-03-01 04:09,213132,Racing Club vs. AA Estudiantes,BUY_NO,0.495,90%,Available game statistics
2026-03-01 04:09,234571,Counter-Strike: 9z vs Fake do Biru (BO3) - Circuit X Pantanal Cuiabá Group B,p_YES,0.65,95%,News available
2026-03-01 04:09,210586,PSV vs. NEC,BUY_YES,0.73,100%,Market and news data available for PSV vs. NEC
2026-03-01 05:40,234587,Counter-Strike: Marsborne vs Galorys (BO3) - Circuit X Pantanal Cuiabá Group D,BUY_YES,0.53,90%,Market: Marsborne and Galorys are the only teams mentioned
2026-03-01 05:41,210586,PSV vs. NEC,BUY_YES,0.725,100%,
2026-03-01 05:41,199469,Golden Knights vs. Red Wings,BUY_YES,0.36,100%,News available for market: Golden Knights vs. Red Wings
2026-03-01 06:26,213132,Racing Club vs. AA Estudiantes,BUY_YES,0.505,85%,The forecast is inconclusive based on the provided data.
2026-03-01 06:27,230222,KHL: Admiral Vladivostok vs. Salavat Yulaev Ufa,BUY_MAYBE,0.525,99.998945%,
2026-03-01 06:27,210586,PSV vs. NEC,BUY.YES,0.73,99%,There is enough information in multiple sources to determine the match score.
2026-03-01 07:22,212064,SE Palmeiras vs. Mirassol FC,BUY_YES,0.635,98%,scores provided by multiple sources
2026-03-01 07:56,106186,PA-01 House Election Winner,DO_NOT_BUY,0.66,92%,Brian Fitzpatrick won the PA-01 House Election in 2022.
2026-03-01 07:56,213132,Racing Club vs. AA Estudiantes,BUY_YES,0.525,88%,
2026-03-01 07:57,234571,Counter-Strike: 9z vs Fake do Biru (BO3) - Circuit X Pantanal Cuiabá Group B,BUY_YES,0.64,100%,valid news array
2026-03-01 07:57,237534,"ODI Series New Zealand vs Zimbabwe, Women: New Zealand vs Zimbabwe",BUY_YES,0.76,100%,
2026-03-01 07:57,199469,Golden Knights vs. Red Wings,BUY_YES,0.36,85%,News articles available
2026-03-01 07:58,230621,Wydad Athletic Club vs. RS Berkane,BUY_YES,0.495,99%,
2026-03-01 07:58,233282,"UFC 326: Diyar Nurgozhay vs. Rafael Tobias (Light Heavyweight, Prelims)",NO,0.685,90%,
2026-03-01 08:16,106186,PA-01 House Election Winner,BUY_YES,0.295,100%,No winner information is available.
2026-03-01 08:17,212064,SE Palmeiras vs. Mirassol FC,BUY_YES,0.635,97%,
2026-03-01 08:17,234571,Counter-Strike: 9z vs Fake do Biru (BO3) - Circuit X Pantanal Cuiabá Group B,YES-if-above-0.5,0.64,100%,
2026-03-01 08:17,238402,"BNP Paribas Open, Qualification: Simona Waltert vs Himeno Sakatsume",BUY_YES,0.54,88%,match information available
2026-03-01 08:17,237534,"ODI Series New Zealand vs Zimbabwe, Women: New Zealand vs Zimbabwe",BUY_YES,0.76,100%,JSON is valid
2026-03-01 08:18,203610,Deportivo Toluca FC vs. FC Juárez,BUY_YES,0.485,98%,Successful analysis of provided market and news data
2026-03-01 09:00,106186,PA-01 House Election Winner,BUY_NO,0.705,98%,
2026-03-01 09:00,238402,"BNP Paribas Open, Qualification: Simona Waltert vs Himeno Sakatsume",BUY_YES,0.53,85%,
2026-03-01 09:00,202577,Islanders vs. Sharks,BUY_YES,0.625,100%,Valid JSON schema and market news available
2026-03-01 09:27,212064,SE Palmeiras vs. Mirassol FC,YES,0.635,90%,
2026-03-01 09:27,210768,Deportivo Toluca FC vs. Atlas FC,BUY_YES,0.7,99%,No errors occurred.
2026-03-01 09:27,234559,Partizan vs. BC Dubai,BUY_YES,0.54,90%,"Partizan is set to take on BC Dubai on Thursday, March 5, 2026 in the EuroLeague."
2026-03-01 09:28,237534,"ODI Series New Zealand vs Zimbabwe, Women: New Zealand vs Zimbabwe",BUY_YES,0.76,100%,
2026-03-01 09:56,210768,Deportivo Toluca FC vs. Atlas FC,BUY_YES,0.695,90%,Match score available
2026-03-01 09:56,234571,Counter-Strike: 9z vs Fake do Biru (BO3) - Circuit X Pantanal Cuiabá Group B,BUY_YES,0.64,90%,"Both news sources suggest that the match will occur on March 4, 2026."
2026-03-01 09:56,230222,KHL: Admiral Vladivostok vs. Salavat Yulaev Ufa,BUY_NO,0.685,81%,
2026-03-01 09:56,237534,"ODI Series New Zealand vs Zimbabwe, Women: New Zealand vs Zimbabwe",BUY_YES,0.76,100%,No errors detected
2026-03-01 09:57,203610,Deportivo Toluca FC vs. FC Juárez,BUY_YES,0.485,85%,Market and News are successfully parsed.
2026-03-01 09:57,237052,Carabobo FC vs. CS Cristal,BUY_NO,0.65,100%,multiple news sources available
2026-03-01 10:13,236002,Honor of Kings: XQG Esports Club vs SYGaming (BO5) - KPL Growth League Group Stage,BUY_YES,0.51,100%,Both XQG Esports Club and SYGaming have news.
2026-03-01 10:14,221912,Newcastle United FC vs. Manchester City FC - More Markets,BUY_YES,0.225,100%,market_exists
2026-03-01 10:14,234747,SHL: Leksands IF vs. Luleaa,BUY_NO,0.655,85%,
2026-03-01 10:14,234755,SHL: Froelunda HC vs. Roegle,BUY_YES,0.625,100%,Multiple matching news sources available
2026-03-01 10:14,203610,Deportivo Toluca FC vs. FC Juárez,BUY_YES,0.485,99.92%,
2026-03-01 10:15,230226,KHL: Dinamo Minsk vs. Metallurg Magnitogorsk,BUY_YES,0.36,100%,
2026-03-01 10:56,106186,PA-01 House Election Winner,BUY_NO,0.64,99%,Brian Fitzpatrick is declared the winner of the PA-01 House Election
2026-03-01 10:56,212064,SE Palmeiras vs. Mirassol FC,BUY_YES,0.635,100%,
2026-03-01 10:56,198616,Montevideo City Torque vs. Defensor SC,BUY_YES,0.43,85%,Successful validation
2026-03-01 10:57,234587,Counter-Strike: Marsborne vs Galorys (BO3) - Circuit X Pantanal Cuiabá Group D,BUY_YES,0.495,100%,Market exists and resolution news available
2026-03-01 10:57,234568,Fenerbahce vs. Monaco,BUY_YES,0.505,92%,Fenerbahce has defeated Monaco in recent past
2026-03-01 11:11,212005,CA Barracas Central vs. CA Tucumán,BUY_YES,0.465,90%,
2026-03-01 11:11,237804,Kigali: Marco Cecchinato vs Aziz Ouakaa,BUY_YES,0.7,95%,enough news found
2026-03-01 11:12,234568,Fenerbahce vs. Monaco,BUY_YES,0.515,97%,
2026-03-01 11:12,227896,Duke Blue Devils vs. North Carolina Tar Heels (W),BUY_YES,0.67,100%,
2026-03-01 11:51,210768,Deportivo Toluca FC vs. Atlas FC,BUY_YES,0.695,100%,No information about the actual market game result.
2026-03-01 11:52,234816,Czechia vs. Republic of Ireland,BUY_NO,0.525,85%,
2026-03-01 12:21,221912,Newcastle United FC vs. Manchester City FC - More Markets,BUY_NO,0.775,100%,Valid JSON input
2026-03-01 12:21,237799,Counter-Strike: BIG vs Leo Team (BO3) - NODWIN Clutch Series Playoffs,BUY_YES,0.71,99%,Information available to predict match
2026-03-01 12:21,234571,Counter-Strike: 9z vs Fake do Biru (BO3) - Circuit X Pantanal Cuiabá Group B,BUY_YES,0.7,86%,
2026-03-01 13:26,224037,T20 World Cup: India vs West Indies - Most Sixes,BUY_YES,0.51,100%,Sixes comparison data found
2026-03-01 13:26,212064,SE Palmeiras vs. Mirassol FC,BUY_YES,0.63,98%,
2026-03-01 13:27,227898,Ohio State Buckeyes vs. Michigan State Spartans (W),BUY_YES,0.465,95%,Successful Michigan State Spartans against the Ohio State Buckeyes
2026-03-01 13:27,234559,Partizan vs. BC Dubai,BUY_YES,0.485,100%,Sufficient news available to process
2026-03-01 13:27,230056,WBC: Home Runs Leader,BUY_YES,0.405,90%,Alfredo Despaigne is the WBC's all-time leader in home runs with seven.
2026-03-01 13:27,210586,PSV vs. NEC,BUY_YES,0.72,92%,
2026-03-01 13:27,234816,Czechia vs. Republic of Ireland,BUY_YES,0.475,100%,
2026-03-01 14:00,106186,PA-01 House Election Winner,BUY_NO,0.64,85%,Insufficient data for PA-01 House Election Winner
2026-03-01 14:00,210768,Deportivo Toluca FC vs. Atlas FC,BUY_YES,0.705,99%,
2026-03-01 14:00,238315,Counter-Strike: Crashers vs METANOIAGG (BO3) - CCT South America Series #9 Group Stage,BUY_YES,0.715,95%,"Match data received, valid scores found"
2026-03-01 14:00,234747,SHL: Leksands IF vs. Luleaa,BUY_YES,0.35,85%,Multiple news sources available for Leksands IF vs Luleaa match
2026-03-01 14:01,203610,Deportivo Toluca FC vs. FC Juárez,BUY_NO,0.515,99%,
2026-03-01 14:22,221912,Newcastle United FC vs. Manchester City FC - More Markets,BUY_NO,0.775,81.4%,
2026-03-01 14:22,237612,Counter-Strike: Sinners vs AM Gaming (BO3) - NODWIN Clutch Series Playoffs,BUY_YES,0.675,90%,Multiple data sources found.
2026-03-01 14:23,234568,Fenerbahce vs. Monaco,BUY_YES,0.635,95%,Multiple sources confirming result
2026-03-01 14:23,234559,Partizan vs. BC Dubai,BUY_YES,0.485,83%,Both news sources agree the teams Partizan and BC Dubai have a scheduled game.
2026-03-01 14:23,230056,WBC: Home Runs Leader,BUY_YES,0.405,100%,"Aaron Judge is the current active leader in home runs, with Giancarlo Stanton second and Mike Trout third."
2026-03-01 14:55,212064,SE Palmeiras vs. Mirassol FC,BUY_NO,0.365,98%,Enough news sources confirm the match is on
2026-03-01 14:56,237612,Counter-Strike: Sinners vs AM Gaming (BO3) - NODWIN Clutch Series Playoffs,BUY_YES,0.665,100%,
2026-03-01 14:56,238315,Counter-Strike: Crashers vs METANOIAGG (BO3) - CCT South America Series #9 Group Stage,BUY_YES,0.625,100%,
2026-03-01 14:56,238451,"BNP Paribas Open, Qualification: Dalma Galfi vs Yue Yuan",BUY_NO,0.56,90%,News found
2026-03-01 14:56,234568,Fenerbahce vs. Monaco,YES,0.635,90%,
2026-03-01 15:12,212064,SE Palmeiras vs. Mirassol FC,BUY_YES,0.635,96%,
2026-03-01 15:13,237799,Counter-Strike: BIG vs Leo Team (BO3) - NODWIN Clutch Series Playoffs,BUY_YES,0.685,100%,
2026-03-01 15:13,237612,Counter-Strike: Sinners vs AM Gaming (BO3) - NODWIN Clutch Series Playoffs,BUY_YES,0.67,85%,Both sources indicate that Sinners will win the match.
2026-03-01 15:13,238403,BV Borussia 09 Dortmund vs. FC Augsburg,BUY_YES,0.685,99%,
2026-03-01 15:13,234747,SHL: Leksands IF vs. Luleaa,NO,0.65,90%,Successful analysis of provided data
2026-03-01 15:14,235753,Genoa CFC vs. AS Roma,SELL_NO,0.785,100%,
2026-03-01 15:52,239303,Warriors vs. Thunder,BUY_YES,0.235,100%,No errors encountered
2026-03-01 15:53,213131,CA San Lorenzo de Almagro vs. CSyD Defensa y Justicia,BUY_NO,0.53,100%,match_data is complete
2026-03-01 15:53,237799,Counter-Strike: BIG vs Leo Team (BO3) - NODWIN Clutch Series Playoffs,BUY_YES,0.695,100%,Match found
2026-03-01 15:53,238315,Counter-Strike: Crashers vs METANOIAGG (BO3) - CCT South America Series #9 Group Stage,BUY_YES,0.645,100%,Match details found
2026-03-01 15:54,238543,West Ham United FC vs. Manchester City FC - More Markets,BUY_NO,0.69,100%,Data available
2026-03-01 15:54,234747,SHL: Leksands IF vs. Luleaa,BUY_NO,0.645,90%,Match found in news
2026-03-01 15:54,202611,Charlotte FC vs. Austin FC,BUY_YES,0.38,97%,Both sources predict a win or a draw for either team with high confidence.
2026-03-01 15:54,234568,Fenerbahce vs. Monaco,BUY_YES,0.63,90%,
2026-03-01 16:02,106186,PA-01 House Election Winner,BUY_NO,0.7,94%,Fitzpatrick won the 2026 PA-01 House election with 54.87% of the votes.
2026-03-01 16:02,210768,Deportivo Toluca FC vs. Atlas FC,BUY_YES,0.67,95%,No issues in data
2026-03-01 16:02,237612,Counter-Strike: Sinners vs AM Gaming (BO3) - NODWIN Clutch Series Playoffs,BUY_YES,0.67,99%,
2026-03-01 16:02,238452,Thionville: Roman Safiullin vs Timofey Skatov,BUY_YES,0.575,100%,Match news exist for both Roman Safiullin and Timofey Skatov.
2026-03-01 16:03,238403,BV Borussia 09 Dortmund vs. FC Augsburg,BUY_YES,0.685,100%,Match found between BV Borussia 09 Dortmund vs. FC Augsburg
2026-03-01 16:03,234747,SHL: Leksands IF vs. Luleaa,"BUY NO"" if 0.36 >= 0.5 else ""BUY_YES",0.36,98.8%,"Both news sources predict an almost identical score, indicating a highly competitive match."
2026-03-01 16:03,235753,Genoa CFC vs. AS Roma,BUY_YES,0.22,95%,
2026-03-01 16:58,106183,OH-09 House Election Winner,BUY_YES,0.5,99.93%,"Marcy Kaptur, a Democrat, wins the Ninth District in Ohio."
2026-03-01 16:58,228818,East Texas A&M Lions vs. Texas A&M-Corpus Christi Islanders,BUY_YES,0.26,100%,
2026-03-01 16:58,237799,Counter-Strike: BIG vs Leo Team (BO3) - NODWIN Clutch Series Playoffs,BUY_YES,0.73,100%,Match information available
2026-03-01 16:59,237519,"Test Series Australia vs. India, Women: Australia vs India",BUY_YES,0.79,100%,News is available
2026-03-01 17:16,237799,Counter-Strike: BIG vs Leo Team (BO3) - NODWIN Clutch Series Playoffs,BUY_YES,0.73,87.53%,
2026-03-01 17:16,198616,Montevideo City Torque vs. Defensor SC,BUY_YES,0.435,99%,Sufficient news articles available for Montevideo City Torque vs. Defensor SC
2026-03-01 17:17,237519,"Test Series Australia vs. India, Women: Australia vs India",BUY_YES,0.785,99%,
2026-03-01 17:17,210586,PSV vs. NEC,BUY_YES,0.75,99.967%,Match between PSV and NEC found
2026-03-01 17:54,210768,Deportivo Toluca FC vs. Atlas FC,BUY_YES,0.675,100%,no_errors
2026-03-01 17:55,221912,Newcastle United FC vs. Manchester City FC - More Markets,BUY_NO,0.775,92%,Market data is available
2026-03-01 17:55,238403,BV Borussia 09 Dortmund vs. FC Augsburg,BUY_YES,0.685,100%,
2026-03-01 17:55,198616,Montevideo City Torque vs. Defensor SC,BUY_YES,0.435,85%,Data available
2026-03-01 17:55,239303,Warriors vs. Thunder,BUY_YES,0.215,100%,
2026-03-01 18:03,221912,Newcastle United FC vs. Manchester City FC - More Markets,BUY_NO,0.77,100%,
2026-03-01 18:03,238638,Club Atlético de Madrid vs. Getafe CF,BUY_YES,0.455,100%,News articles available on the market
2026-03-01 18:03,237799,Counter-Strike: BIG vs Leo Team (BO3) - NODWIN Clutch Series Playoffs,BUY_YES,0.74,86%,Provided JSON is a list with multiple dictionaries which might be considered more than one outcome. We will use the first element for calculation.
2026-03-01 18:03,198616,Montevideo City Torque vs. Defensor SC,BUY_YES,0.435,100%,No reason provided
2026-03-01 18:03,234755,SHL: Froelunda HC vs. Roegle,BUY_YES,0.62,100%,Data received is in the expected format
2026-03-01 19:01,212064,SE Palmeiras vs. Mirassol FC,BUY_YES,0.635,100%,multiple article results
2026-03-01 19:02,221912,Newcastle United FC vs. Manchester City FC - More Markets,BUY_NO,0.775,98%,Multiple match reports available
2026-03-01 19:02,238404,Brasilia: Facundo Acosta vs Nikolas Sanchez Izquierdo,BUY_YES,0.655,99.98%,"No information to compare confidence levels, using average score from news sources"
2026-03-01 19:02,238406,Chelsea FC vs. Newcastle United FC,BUY_YES,0.51,85%,
2026-03-01 19:02,227873,Iowa State Cyclones vs. Kansas State Wildcats (W),BUY_YES,0.685,100%,Market found
2026-03-01 19:02,237519,"Test Series Australia vs. India, Women: Australia vs India",BUY_YES,0.805,100%,Data is in the correct format
2026-03-01 19:23,210768,Deportivo Toluca FC vs. Atlas FC,BUY_YES,0.695,99%,
2026-03-01 19:23,213131,CA San Lorenzo de Almagro vs. CSyD Defensa y Justicia,BUY_YES,0.465,95%,"multiple articles are available, but the latest information will be chosen based on the scores, for multiple scores we check the most recent publication and consider it as latest. The source with score 0.7062922 is selected as the latest one"
2026-03-01 19:23,238404,Brasilia: Facundo Acosta vs Nikolas Sanchez Izquierdo,BUY_YES,0.655,99%,both players have recent match data
2026-03-01 19:23,238543,West Ham United FC vs. Manchester City FC - More Markets,NO,0.695,100%,Match history available
2026-03-01 19:24,227866,Vanderbilt Commodores vs. Tennessee Volunteers (W),BUY_YES,0.73,100%,No issues found in the given data.
2026-03-01 19:51,212064,SE Palmeiras vs. Mirassol FC,BUY_YES,0.635,85%,Data is sufficient to validate the market
2026-03-01 19:52,202611,Charlotte FC vs. Austin FC,BUY_YES,0.47,95%,
2026-03-01 20:02,213132,Racing Club vs. AA Estudiantes,BUY_YES,0.51,100%,
2026-03-01 20:02,212064,SE Palmeiras vs. Mirassol FC,BUY_YES,0.635,95%,
2026-03-01 20:02,210768,Deportivo Toluca FC vs. Atlas FC,BUY_YES,0.69,99%,Successful match prediction
2026-03-01 20:03,237612,Counter-Strike: Sinners vs AM Gaming (BO3) - NODWIN Clutch Series Playoffs,BUY_YES,0.79,100%,Input is valid
2026-03-01 20:03,238403,BV Borussia 09 Dortmund vs. FC Augsburg,BUY_YES,0.685,100%,
2026-03-01 20:03,237519,"Test Series Australia vs. India, Women: Australia vs India",BUY_YES,0.81,99%,Multiple series ongoing
2026-03-01 20:56,235770,South Florida Bulls vs. Memphis Tigers,BUY_YES,0.5,99%,Both news sources have very high scores indicating the accuracy of the information.
2026-03-01 20:57,237612,Counter-Strike: Sinners vs AM Gaming (BO3) - NODWIN Clutch Series Playoffs,BUY_YES,0.795,100%,The provided data appears to be complete and in the correct format.
2026-03-01 20:57,238403,BV Borussia 09 Dortmund vs. FC Augsburg,BUY_YES,0.695,94%,
2026-03-01 20:57,234587,Counter-Strike: Marsborne vs Galorys (BO3) - Circuit X Pantanal Cuiabá Group D,BUY_YES,0.505,99%,
2026-03-01 21:12,201857,Watford FC vs. Wrexham AFC,BUY_NO,0.57,100%,
2026-03-01 21:13,238404,Brasilia: Facundo Acosta vs Nikolas Sanchez Izquierdo,BUY_YES,0.655,82%,
2026-03-01 21:13,228849,BYU Cougars vs. Cincinnati Bearcats,BUY_YES,0.555,90%,
2026-03-01 21:53,106186,PA-01 House Election Winner,BUY_YES,0.29,89%,The House majority is held by the Democrats in the special election.
2026-03-01 21:53,210768,Deportivo Toluca FC vs. Atlas FC,BUY_YES,0.665,100%,Available information for both teams.
2026-03-01 21:54,238543,West Ham United FC vs. Manchester City FC - More Markets,BUY_NO,0.68,100%,More news articles available
2026-03-01 21:54,234559,Partizan vs. BC Dubai,BUY_YES,0.63,82%,
2026-03-01 21:55,210586,PSV vs. NEC,BUY_YES,0.755,100%,
2026-03-01 22:02,212064,SE Palmeiras vs. Mirassol FC,BUY=YES,0.63,99.882%,scores available from both fox sports and 365scores
2026-03-01 22:03,201857,Watford FC vs. Wrexham AFC,BUY_YES,0.425,100%,The match has been rescheduled.
2026-03-01 22:03,235770,South Florida Bulls vs. Memphis Tigers,TIE,0.5,83%,
2026-03-01 22:03,234755,SHL: Froelunda HC vs. Roegle,SELL_YES,0.62,98%,Both sources support current results for Frolunda HC vs Roegle
2026-03-01 22:56,106183,OH-09 House Election Winner,BUY_YES,0.5,83%,"Insufficient data to determine a clear winner, but a clear frontrunner is present: Marcy Kaptur (Democrat). 2024 data available, although exact voting results not yet determined."
2026-03-01 22:57,238543,West Ham United FC vs. Manchester City FC - More Markets,BUY_NO,0.68,90%,
2026-03-01 22:57,202611,Charlotte FC vs. Austin FC,BUY_YES,0.46,100%,
2026-03-01 22:57,234559,Partizan vs. BC Dubai,BUY_YES,0.595,95%,Match is available
2026-03-01 23:13,213131,CA San Lorenzo de Almagro vs. CSyD Defensa y Justicia,BUY_YES,0.47,100%,No conflicting information found
2026-03-01 23:13,238547,Arsenal FC vs. Everton FC - More Markets,BUY_YES,0.515,95%,Recent match news available
2026-03-01 23:13,237817,Hersonissos: Kimmer Coppejans vs Ioannis Xilas,BUY_YES,0.6,99%,
2026-03-01 23:55,238403,BV Borussia 09 Dortmund vs. FC Augsburg,BUY_YES,0.695,100%,
2026-03-01 23:55,234755,SHL: Froelunda HC vs. Roegle,BUY_YES,0.62,85%,Both sources are predicting Rogle
2026-03-01 23:56,203610,Deportivo Toluca FC vs. FC Juárez,BUY_YES,0.7,100%,
2026-03-02 00:58,238638,Club Atlético de Madrid vs. Getafe CF,BUY_YES,0.66,100%,No conflicts found
2026-03-02 00:58,238547,Arsenal FC vs. Everton FC - More Markets,BUY_YES,0.525,95%,The articles provided are relevant to the match.
2026-03-02 00:58,238403,BV Borussia 09 Dortmund vs. FC Augsburg,BUY_YES,0.695,100%,
2026-03-02 00:59,202611,Charlotte FC vs. Austin FC,BUY_YES,0.465,90%,sufficient news sources available
2026-03-02 00:59,201880,Swansea City AFC vs. Stoke City FC,BUY_NO,0.54,90%,
2026-03-02 00:59,210586,PSV vs. NEC,BUY_YES,0.755,100%,
2026-03-02 00:59,224559,PFK CSKA Moskva vs. FK Dinamo Moskva - More Markets,BUY_YES,0.515,98%,sufficient data
2026-03-02 03:26,216586,CA Lanús vs. CA Boca Juniors - More Markets,BUY_NO,0.875,100%,
2026-03-02 03:27,212064,SE Palmeiras vs. Mirassol FC,BUY_YES,0.635,95%,Score extraction was successful
2026-03-02 03:27,235771,Mississippi Valley State Delta Devils vs. Jackson State Tigers,BUY_YES,0.425,100%,Match between Mississippi Valley State Delta Devils vs. Jackson State Tigers found: Jackson State Tigers defeated the Mississippi Valley State Delta Devils with a score of 97-81.
2026-03-02 03:27,234747,SHL: Leksands IF vs. Luleaa,BUY_NO,0.635,100%,
2026-03-02 03:28,228849,BYU Cougars vs. Cincinnati Bearcats,BUY_NO,0.545,90%,game_result
2026-03-02 03:28,234559,Partizan vs. BC Dubai,BUY_YES,0.65,100%,No specific issue with input data
2026-03-02 05:07,233383,Tulsa Golden Hurricane vs. East Carolina Pirates,BUY_YES,0.6,100%,Both football and basketball data available for this market
2026-03-02 05:08,235771,Mississippi Valley State Delta Devils vs. Jackson State Tigers,BUY_YES,0.425,97%,
2026-03-02 05:08,235747,Utah Valley Wolverines vs. Southern Utah Thunderbirds,BUY_YES,0.565,100%,
2026-03-02 05:09,202611,Charlotte FC vs. Austin FC,BUY_YES,0.47,99%,
2026-03-02 05:09,237817,Hersonissos: Kimmer Coppejans vs Ioannis Xilas,BUY_YES,0.67,99%,scores available from both sources
2026-03-02 05:09,234559,Partizan vs. BC Dubai,BUY_YES,0.65,90%,Match is found
2026-03-02 06:36,233368,Purdue Boilermakers vs. Northwestern Wildcats,BUY_YES,0.6,100%,The game appears to be tied at the end of the first half as both sides have 30 points.
2026-03-02 06:37,233377,Sam Houston Bearkats vs. Delaware Fightin' Blue Hens,BUY_YES,0.585,100%,Information available
2026-03-02 06:37,221912,Newcastle United FC vs. Manchester City FC - More Markets,BUY_NO,0.665,94%,
2026-03-02 06:37,235771,Mississippi Valley State Delta Devils vs. Jackson State Tigers,BUY_YES,0.425,97%,
2026-03-02 06:37,235764,Rutgers Scarlet Knights vs. Michigan State Spartans,BUY_YES,0.435,100%,No issues or conflicts detected
2026-03-02 06:37,235770,South Florida Bulls vs. Memphis Tigers,BUY_YES,0.5,87%,
2026-03-02 06:38,234755,SHL: Froelunda HC vs. Roegle,BUY_YES,0.615,90%,Market is valid as both home and away teams are known.
2026-03-02 06:38,237817,Hersonissos: Kimmer Coppejans vs Ioannis Xilas,BUY_YES,0.67,100%,Information available
2026-03-02 07:37,216586,CA Lanús vs. CA Boca Juniors - More Markets,BUY_NO,0.875,88%,Enough news are available
2026-03-02 07:37,233369,Baylor Bears vs. Houston Cougars,BUY_NO,0.6,100%,Baylor Bears vs Houston Cougars available in news
2026-03-02 07:38,238403,BV Borussia 09 Dortmund vs. FC Augsburg,BUY_YES,0.69,85%,At least one news article found for the given market
2026-03-02 07:38,202611,Charlotte FC vs. Austin FC,BUY_YES,0.47,100%,News content is available for Charlotte FC vs. Austin FC
2026-03-02 07:38,234587,Counter-Strike: Marsborne vs Galorys (BO3) - Circuit X Pantanal Cuiabá Group D,BUY_YES,0.47,99.99603%,
2026-03-02 07:39,228849,BYU Cougars vs. Cincinnati Bearcats,BUY_YES,0.445,95%,
2026-03-02 08:07,240684,"BNP Paribas Open, Qualification: Vitaliy Sachko vs Mackenzie McDonald",BUY YES OR SELL NO,0.4,100%,valid input
2026-03-02 08:07,240671,"BNP Paribas Open, Qualification: Alexander Blockx vs Martin Landaluce",BUY YES,0.655,90%,"multiple, consistent score sources"
2026-03-02 08:07,235764,Rutgers Scarlet Knights vs. Michigan State Spartans,BUY_NO,0.565,88%,Valid game information available
2026-03-02 08:07,238638,Club Atlético de Madrid vs. Getafe CF,BUY_YES,0.685,100%,
2026-03-02 08:08,238403,BV Borussia 09 Dortmund vs. FC Augsburg,BUY_YES,0.7,98%,market_found
2026-03-02 08:08,234587,Counter-Strike: Marsborne vs Galorys (BO3) - Circuit X Pantanal Cuiabá Group D,BUY_YES,0.47,84%,Valid scores and news for both teams found
2026-03-02 08:08,234559,Partizan vs. BC Dubai,BUY_YES,0.625,90.998%,Data available for Partizan vs. BC Dubai
2026-03-02 09:31,233368,Purdue Boilermakers vs. Northwestern Wildcats,BUY_YES,0.6,84%,
2026-03-02 09:32,235764,Rutgers Scarlet Knights vs. Michigan State Spartans,SELL_NO,0.565,90%,The Michigan State Spartans won against the Rutgers Scarlet Knights with a score of 88-79.
2026-03-02 10:29,213132,Racing Club vs. AA Estudiantes,BUY_YES,0.515,100%,
2026-03-02 10:30,235771,Mississippi Valley State Delta Devils vs. Jackson State Tigers,BUY_YES,0.425,99%,Both teams played each other within the given time frame.
2026-03-02 11:23,235771,Mississippi Valley State Delta Devils vs. Jackson State Tigers,BUY_YES,0.425,100%,No reason
2026-03-02 11:23,235770,South Florida Bulls vs. Memphis Tigers,BUY_YES,0.5,84%,South Florida Bulls have defeated Memphis Tigers previously this season with multiple score outcomes reported
2026-03-02 11:24,202611,Charlotte FC vs. Austin FC,BUY_YES,0.475,97%,
2026-03-02 11:24,234587,Counter-Strike: Marsborne vs Galorys (BO3) - Circuit X Pantanal Cuiabá Group D,BUY_YES,0.475,84%,
2026-03-02 11:24,240654,"BNP Paribas Open, Qualification: Darja Semenistaja vs Kayla Day",BUY_YES,0.52,83.0%,
2026-03-02 11:59,233368,Purdue Boilermakers vs. Northwestern Wildcats,BUY_YES,0.6,100%,Teams are tied at halftime.
2026-03-02 11:59,235771,Mississippi Valley State Delta Devils vs. Jackson State Tigers,BUY_YES,0.425,99%,
2026-03-02 11:59,235764,Rutgers Scarlet Knights vs. Michigan State Spartans,BUY_YES,0.435,88%,
2026-03-02 12:00,232699,DEL: Adler Mannheim vs. Loewen Frankfurt,BUY_YES,0.77,99%,Scores from multiple sources matched
2026-03-02 12:00,234587,Counter-Strike: Marsborne vs Galorys (BO3) - Circuit X Pantanal Cuiabá Group D,BUY_YES,0.475,99%,
2026-03-02 12:00,240654,"BNP Paribas Open, Qualification: Darja Semenistaja vs Kayla Day",BUY_YES,0.51,97%,
2026-03-02 12:43,223661,Beşiktaş JK vs. Galatasaray SK - More Markets,BUY_NO,0.645,99%,
2026-03-02 12:44,234587,Counter-Strike: Marsborne vs Galorys (BO3) - Circuit X Pantanal Cuiabá Group D,BUY_YES,0.47,100%,multiple sources agree with the match information but only one source has an odds value
2026-03-02 12:44,228849,BYU Cougars vs. Cincinnati Bearcats,BUY_NO,0.555,100%,Market for BYU Cougars vs. Cincinnati Bearcats is found. Market details to be determined.
2026-03-02 12:44,240654,"BNP Paribas Open, Qualification: Darja Semenistaja vs Kayla Day",BUY_YES,0.51,100%,
2026-03-02 13:46,233368,Purdue Boilermakers vs. Northwestern Wildcats,BUY_YES,0.6,94%,
2026-03-02 13:47,213131,CA San Lorenzo de Almagro vs. CSyD Defensa y Justicia,BUY_YES,0.47,100%,multiple news sources available
2026-03-02 13:47,238403,BV Borussia 09 Dortmund vs. FC Augsburg,BUY_YES,0.685,100%,Market and News for BV Borussia 09 Dortmund vs. FC Augsburg are available.
2026-03-02 13:48,235281,Pisa SC vs. Bologna FC 1909 - Halftime Result,BUY_YES,0.44,100%,Available halftime results
2026-03-02 14:30,223661,Beşiktaş JK vs. Galatasaray SK - More Markets,BUY_NO,0.645,100%,Sufficient news articles available
2026-03-02 14:30,233368,Purdue Boilermakers vs. Northwestern Wildcats,BUY_YES,0.6,100%,
2026-03-02 14:31,239570,Kashima Antlers vs. Tōkyō Verdy - More Markets,BUY_YES,0.29,100%,No invalid information detected
2026-03-02 14:31,234755,SHL: Froelunda HC vs. Roegle,BUY_YES,0.59,100%,
2026-03-02 14:31,228849,BYU Cougars vs. Cincinnati Bearcats,BUY_NO,0.565,100%,No news on the current market (BYU Cougars vs. Cincinnati Bearcats) found in the given feed
2026-03-02 15:26,212005,CA Barracas Central vs. CA Tucumán,BUY_YES,0.465,90%,
2026-03-02 15:26,231088,Ole Miss Rebels vs. Vanderbilt Commodores,YES,0.315,100%,Multiple valid news sources available
2026-03-02 15:26,239571,Urawa Red Diamonds vs. FC Mito Holly Hock - More Markets,BUY_YES,0.51,98%,
2026-03-02 15:27,240245,Gardner-Webb Runnin' Bulldogs vs. USC Upstate Spartans,BUY_NO,0.68,95%,Gardner-Webb Runnin' Bulldogs lost to USC Upstate Spartans
2026-03-02 15:27,240238,Eastern Illinois Panthers vs. SIUE Cougars,BUY_YES,0.51,100%,"No prediction is made on the winner, however EIU qualified for the 2026 OVC Tournament."
2026-03-02 15:27,238403,BV Borussia 09 Dortmund vs. FC Augsburg,BUY_YES,0.685,100%,Borussia Dortmund vs. FC Augsburg score not found
2026-03-02 15:27,234747,SHL: Leksands IF vs. Luleaa,BUY_NO,0.65,99%,
2026-03-02 16:09,238895,Hibernian FC vs. Livingston FC,BUY_YES,0.495,100%,
2026-03-02 16:09,235771,Mississippi Valley State Delta Devils vs. Jackson State Tigers,BUY_YES,0.425,99%,The given news contains sufficient market details.
2026-03-02 16:09,239571,Urawa Red Diamonds vs. FC Mito Holly Hock - More Markets,BUY_YES,0.51,100%,valid input
2026-03-02 16:09,238403,BV Borussia 09 Dortmund vs. FC Augsburg,BUY_YES,0.685,90%,
2026-03-02 16:10,234747,SHL: Leksands IF vs. Luleaa,BUY_YES,0.36,100%,
2026-03-02 16:10,234587,Counter-Strike: Marsborne vs Galorys (BO3) - Circuit X Pantanal Cuiabá Group D,BUY_YES,0.475,100%,market information available
2026-03-02 17:28,241119,Dundee FC vs. Dundee United FC,BUY_YES,0.475,90%,Market found: Dundee FC vs. Dundee United FC
2026-03-02 17:29,238896,Aberdeen FC vs. Falkirk FC,BUY_NO,0.525,100%,No specific odds are given for the two teams.
2026-03-02 17:29,106183,OH-09 House Election Winner,BUY_YES,0.5,100%,"Marcy Kaptur won the general election on November 5, 2024 in Ohio's 9th Congressional District."
2026-03-02 17:29,221912,Newcastle United FC vs. Manchester City FC - More Markets,BUY_YES,0.225,100%,News and market data are provided.
2026-03-02 17:30,238403,BV Borussia 09 Dortmund vs. FC Augsburg,BUY_YES,0.685,100%,
2026-03-02 17:30,234587,Counter-Strike: Marsborne vs Galorys (BO3) - Circuit X Pantanal Cuiabá Group D,BUY_YES,0.465,85.3%,
2026-03-02 18:10,232699,DEL: Adler Mannheim vs. Loewen Frankfurt,BUY_YES,0.745,100%,both teams are playing a real match on 04/03/2026
2026-03-02 19:26,235770,South Florida Bulls vs. Memphis Tigers,BUY_YES,0.5,100%,No errors detected
2026-03-02 19:26,238547,Arsenal FC vs. Everton FC - More Markets,WAIT,0.56,100%,
2026-03-02 19:27,240239,SS Lazio vs. AC Milan,BUY_YES,0.245,100%,Analysis successful
2026-03-02 20:03,241118,St Mirren FC vs. Rangers FC,BUY_YES,0.49,85%,News articles found about St Mirren FC vs Rangers FC
2026-03-02 20:03,238895,Hibernian FC vs. Livingston FC,BUY_MAYBE,0.53,100%,
2026-03-02 20:04,231088,Ole Miss Rebels vs. Vanderbilt Commodores,BUY_NO,0.685,100%,No news found for volleyball
2026-03-02 20:04,235747,Utah Valley Wolverines vs. Southern Utah Thunderbirds,BUY_YES,0.565,100%,Valid match data provided
2026-03-02 20:04,235770,South Florida Bulls vs. Memphis Tigers,BUY_YES,0.5,100%,Valid news articles found
2026-03-02 20:04,234587,Counter-Strike: Marsborne vs Galorys (BO3) - Circuit X Pantanal Cuiabá Group D,BUY_YES,0.465,99%,Predicted winner
2026-03-02 21:07,238547,Arsenal FC vs. Everton FC - More Markets,BUY_YES,0.45,99%,
2026-03-02 21:07,228837,Eastern Michigan Eagles vs. Buffalo Bulls,BUY_NO,0.68,100%,No conflict or issue found within news articles and market.
2026-03-02 22:02,241118,St Mirren FC vs. Rangers FC,BUY_YES,0.49,100%,
2026-03-02 22:02,223661,Beşiktaş JK vs. Galatasaray SK - More Markets,BUY_NO,0.655,100%,Input appears to be valid
2026-03-02 22:02,213132,Racing Club vs. AA Estudiantes,BUY_NO,0.51,100%,H2H comparison available
2026-03-02 22:02,238895,Hibernian FC vs. Livingston FC,BUY_YES,0.495,95%,Valid market and news content found.
2026-03-02 22:03,210768,Deportivo Toluca FC vs. Atlas FC,BUY_NO,0.515,100%,Successful API Response
2026-03-02 22:03,205909,Coventry City FC vs. Preston North End FC,BUY_YES,0.635,90%,sufficient news articles found
2026-03-02 22:04,234587,Counter-Strike: Marsborne vs Galorys (BO3) - Circuit X Pantanal Cuiabá Group D,BUY_NO,0.535,99%,
2026-03-02 22:59,232216,Smouha SC vs. Modern SC - More Markets,BUY_YES,0.49,100%,News data available
2026-03-02 23:00,239571,Urawa Red Diamonds vs. FC Mito Holly Hock - More Markets,BUY_YES,0.51,100%,
2026-03-02 23:00,241791,Kigali: Nicholas Ionel vs Michiel de Krom,BUY_YES,0.615,100%,Data received
2026-03-02 23:22,238403,BV Borussia 09 Dortmund vs. FC Augsburg,NOT_A_NO,0.315,99%,The match result from multiple news sources matches
2026-03-02 23:22,205909,Coventry City FC vs. Preston North End FC,BUY_YES,0.665,100%,Match odds are available
2026-03-02 23:22,237706,SC Sagamihara vs. Thespa Gunma,BUY_NO,0.555,95%,News articles found
2026-03-02 23:22,241783,Antalya 2: Ipek Oz vs Katarina Zavatska,BUY_YES,0.505,99%,
2026-03-02 23:57,241118,St Mirren FC vs. Rangers FC,BUY_YES,0.495,95%,Successful market query
2026-03-02 23:57,241119,Dundee FC vs. Dundee United FC,BUY_YES,0.485,100%,match_data
2026-03-02 23:58,213131,CA San Lorenzo de Almagro vs. CSyD Defensa y Justicia,BUY_YES,0.465,85%,
2026-03-02 23:58,201857,Watford FC vs. Wrexham AFC,BUY_YES,0.41,99%,All news articles have a date mentioned.
2026-03-03 01:09,242310,"BNP Paribas Open, Qualification: Aleksandar Vukic vs Dino Prizmic",BUY_YES,0.47,82%,
2026-03-03 01:10,212005,CA Barracas Central vs. CA Tucumán,BUY_YES,0.465,97%,
2026-03-03 01:10,235771,Mississippi Valley State Delta Devils vs. Jackson State Tigers,BUY_NO,0.575,90%,Latest news suggests Jackson State Tigers won against Mississippi Valley State Delta Devils
2026-03-03 01:10,235747,Utah Valley Wolverines vs. Southern Utah Thunderbirds,BUY_NO,0.435,99%,Utah Valley Wolverines are scheduled to play Southern Utah Thunderbirds.
2026-03-03 01:11,241791,Kigali: Nicholas Ionel vs Michiel de Krom,BUY_YES,0.6,100%,Match information found
2026-03-03 04:01,232362,Llaneros FC vs. CD La Equidad Seguros - More Markets,BUY_YES,0.54,90%,enough_market_news
2026-03-03 04:02,213132,Racing Club vs. AA Estudiantes,STAY_STRICT,0.515,90%,Both recent match scores and head-to-head data are available and usable.
2026-03-03 04:02,238896,Aberdeen FC vs. Falkirk FC,STAY_STRICT,0.515,100%,No invalid news in the dataset.
2026-03-03 04:03,241791,Kigali: Nicholas Ionel vs Michiel de Krom,BUY_YES,0.6,100%,"Score is high, match might be ongoing or recently finished."
2026-03-03 04:03,234559,Partizan vs. BC Dubai,BUY_NO,0.56,88%,"The Euroleague Basketball announced that the 30th round match between Partizan and Dubai, scheduled for March 5, has been postponed."
2026-03-03 05:14,238896,Aberdeen FC vs. Falkirk FC,BUY_YES,0.485,100%,Aberdeen vs. Falkirk has available information.
2026-03-03 05:15,235747,Utah Valley Wolverines vs. Southern Utah Thunderbirds,BUY_YES,0.565,91%,
2026-03-03 05:15,201857,Watford FC vs. Wrexham AFC,BUY_NO,0.59,97%,
2026-03-03 05:15,238547,Arsenal FC vs. Everton FC - More Markets,BUY_NO,0.55,96%,
2026-03-03 05:15,240238,Eastern Illinois Panthers vs. SIUE Cougars,BUY_YES,0.47,100%,market and news available
2026-03-03 05:15,240245,Gardner-Webb Runnin' Bulldogs vs. USC Upstate Spartans,PASS_NO,0.68,99%,Predicted win probability of 99.98% for South Carolina Upstate is high
2026-03-03 05:15,234747,SHL: Leksands IF vs. Luleaa,BUY_YES,0.38,99%,
2026-04-01 03:54,320250,FC St. Pauli 1910 vs. FC Bayern München - Exact Score,BUY_YES,0.48,98%,
2026-04-01 03:54,319303,"UFC Fight Night: JJ Aldrich vs. Jamey-Lyn Horth (Women's Flyweight, Prelims)",BUY_YES,0.52,99%,"The Polymarket and Tapology sources show a score of 0.9999, indicating a heavy lean towards Jamey-Lyn Horth winning."
2026-04-01 03:55,317601,São Paulo FC vs. Cruzeiro EC - More Markets,BUY_YES,0.515,100%,
2026-04-01 03:55,314876,Antalyaspor vs. Eyüpspor - More Markets,BUY_YES,0.525,100%,Multiple news articles are available for the Antalyaspor vs Eyüpspor market.
2026-04-01 05:51,275915,AA Ponte Preta vs. Vila Nova FC - More Markets,BUY_YES,0.51,100%,JSON schema validation successful
2026-04-01 05:51,311991,Cheltenham Town FC vs. Cambridge United FC - More Markets,BUY_YES,0.5,90%,sufficient news articles found
2026-04-01 05:52,317659,Ismaily SC vs. Tala'ea El Gaish SC - More Markets,BUY_YES,0.51,81%,
2026-04-01 05:52,317555,FC Metaloglobus București vs. FK Csíkszereda Miercurea Ciuc - More Markets,BUY_YES,0.52,100%,
2026-04-01 05:52,317825,CA Platense vs. SC Corinthians Paulista - More Markets,BUY_YES,0.515,90%,News and market data available
2026-04-01 07:06,323929,VfL Bochum vs. Eintracht Braunschweig,BUY_YES,0.48,90%,Head-to-Head statistics available for the match.
2026-04-01 07:06,275915,AA Ponte Preta vs. Vila Nova FC - More Markets,BUY_YES,0.51,100%,
2026-04-01 07:06,317650,Tala'ea El Gaish SC vs. National Bank of Egypt Club - More Markets,BUY_YES,0.51,100%,valid data
2026-04-01 07:06,321383,FC Universitario vs. Club The Strongest - More Markets,BUY_YES,0.515,98%,More than one news source available.
2026-04-01 07:06,317274,CA Vélez Sarsfield vs. CA Central Córdoba - More Markets,BUY_YES,0.5,100%,No reason provided
2026-04-01 07:07,314874,Kocaelispor vs. Rams Başakşehir FK - More Markets,BUY_YES,0.47,99%,
2026-04-01 07:07,317639,Club Universitario de Deportes vs. Club Alianza Lima - More Markets,BUY_YES,0.515,99%,
2026-04-01 08:48,319295,"UFC Fight Night: John Castaneda vs. Mark Vologdin (Bantamweight, Prelims)",BUY_YES,0.53,100%,Information available
2026-04-01 08:48,318122,CD Palestino vs. Montevideo City Torque - More Markets,BUY_YES,0.505,100%,
2026-04-01 08:49,321724,Valorant: Riddle vs Murash (BO3) - VCL Japan: Phase 2,BUY_YES,0.83,99.994123%,
2026-04-01 08:49,258601,Wrexham AFC vs. Southampton FC - More Markets,BUY_YES,0.51,85%,
2026-04-01 10:44,329257,LoL: ⁠Movistar KOI Fénix vs Barça eSports (BO3) - LES Regular Season,BUY_YES,0.55,100%,Valid input for analysis
2026-04-01 10:44,321383,FC Universitario vs. Club The Strongest - More Markets,BUY_YES,0.515,100%,No conflicting information found
2026-04-01 10:44,317821,Estudiantes de La Plata vs. Cusco FC - More Markets,BUY_YES,0.505,98%,
2026-04-01 10:44,321724,Valorant: Riddle vs Murash (BO3) - VCL Japan: Phase 2,BUY_YES,0.82,100%,
2026-04-01 10:44,322862,Counter-Strike: Fluxo W7M vs DashSkins (BO3) - Betboom Circuit X Mayhem São Paulo Group B,YES,0.595,99%,Multiple news sources available
2026-04-01 10:45,258585,Swansea City AFC vs. Middlesbrough FC - More Markets,BUY_YES,0.505,100%,Valid input
2026-04-01 10:45,317635,National Bank of Egypt Club vs. El Mokawloon El Arab SC - More Markets,BUY_YES,0.5,100%,
2026-04-01 10:45,317639,Club Universitario de Deportes vs. Club Alianza Lima - More Markets,BUY_YES,0.515,97%,
2026-04-01 10:45,264095,Damac Saudi Club vs. Al Qadisiyah Saudi Club - More Markets,BUY_YES,0.515,90%,News available for Damac Saudi Club vs. Al Qadisiyah Saudi Club
2026-04-01 10:45,328476,Comunicaciones FC vs. Aurora FC - More Markets,BUY_YES,0.505,85%,
2026-04-01 11:36,320260,Stade Rennais FC 1901 vs. Angers SCO - Exact Score,BUY_YES,0.475,100%,No consensus on exact score found
2026-04-01 11:36,319295,"UFC Fight Night: John Castaneda vs. Mark Vologdin (Bantamweight, Prelims)",BUY_YES,0.53,99.98%,
2026-04-01 11:36,329257,LoL: ⁠Movistar KOI Fénix vs Barça eSports (BO3) - LES Regular Season,BUY_YES,0.55,100%,
2026-04-01 11:36,319303,"UFC Fight Night: JJ Aldrich vs. Jamey-Lyn Horth (Women's Flyweight, Prelims)",BUY_YES,0.52,100%,Polymarket and Tapology have favorable odds and information available.
2026-04-01 11:37,311850,CSD Cobán Imperial vs. CD Guastatoya - More Markets,BUY_YES,0.51,100%,Market and News data provided
2026-04-01 11:37,317821,Estudiantes de La Plata vs. Cusco FC - More Markets,BUY_YES,0.505,99%,sufficient_data
2026-04-01 11:37,321724,Valorant: Riddle vs Murash (BO3) - VCL Japan: Phase 2,BUY_YES,0.82,81%,
2026-04-01 11:38,317659,Ismaily SC vs. Tala'ea El Gaish SC - More Markets,BUY_YES,0.51,85%,
2026-04-01 12:41,329257,LoL: ⁠Movistar KOI Fénix vs Barça eSports (BO3) - LES Regular Season,BUY_NO,0.45,100%,No errors
2026-04-01 12:41,311008,FC Barcelona vs. Club Atlético de Madrid - Exact Score,BUY_YES,0.52,84%,FC Barcelona won with an exact score of 3-1 against Club Atlético de Madrid.
2026-04-01 12:41,311850,CSD Cobán Imperial vs. CD Guastatoya - More Markets,BUY_NO,0.485,100%,At least one news source has enough information to calculate a confidence level
2026-04-01 12:42,317581,FC Hermannstadt vs. FCV Farul Constanţa - More Markets,BUY_YES,0.51,99%,
2026-04-01 12:42,318411,Konyaspor vs. Fatih Karagümrük SK,BUY_YES,0.685,100%,
2026-04-01 14:14,317281,CA Newell's Old Boys vs. CA San Lorenzo de Almagro - More Markets,BUY_YES,0.505,100%,Valid input data
2026-04-01 14:15,319295,"UFC Fight Night: John Castaneda vs. Mark Vologdin (Bantamweight, Prelims)",BUY_YES,0.53,100%,
2026-04-01 14:15,329257,LoL: ⁠Movistar KOI Fénix vs Barça eSports (BO3) - LES Regular Season,BUY_YES,0.55,85%,
2026-04-01 14:15,319303,"UFC Fight Night: JJ Aldrich vs. Jamey-Lyn Horth (Women's Flyweight, Prelims)",BUY_YES,0.52,99.99%,both sources agree with high confidence (> 99.99%)
2026-04-01 14:15,311991,Cheltenham Town FC vs. Cambridge United FC - More Markets,BUY_YES,0.505,99%,
2026-04-01 14:15,317292,CA River Plate vs. CA Belgrano - More Markets,BUY_YES,0.34,90%,More news are available
2026-04-01 14:16,264095,Damac Saudi Club vs. Al Qadisiyah Saudi Club - More Markets,BUY_YES,0.515,95%,"Market: Damac Saudi Club vs. Al Qadisiyah Saudi Club found, News sources are available"
2026-04-01 15:57,319295,"UFC Fight Night: John Castaneda vs. Mark Vologdin (Bantamweight, Prelims)",BUY_YES,0.53,99%,Valid JSON input received and score calculated with high confidence.
2026-04-01 15:57,275915,AA Ponte Preta vs. Vila Nova FC - More Markets,BUY_YES,0.51,99%,Sufficient information available for analysis
2026-04-01 15:57,321383,FC Universitario vs. Club The Strongest - More Markets,BUY_YES,0.515,90%,sufficient data available
2026-04-01 15:58,319303,"UFC Fight Night: JJ Aldrich vs. Jamey-Lyn Horth (Women's Flyweight, Prelims)",BUY_YES,0.52,85%,
2026-04-01 15:58,312002,Truro City FC vs. Forest Green Rovers FC - More Markets,BUY_YES,0.505,100%,
2026-04-01 15:58,317659,Ismaily SC vs. Tala'ea El Gaish SC - More Markets,BUY_YES,0.51,100%,
2026-04-01 15:58,264095,Damac Saudi Club vs. Al Qadisiyah Saudi Club - More Markets,BUY_YES,0.515,98%,
2026-04-01 16:43,319295,"UFC Fight Night: John Castaneda vs. Mark Vologdin (Bantamweight, Prelims)",BUY_YES,0.53,100%,JSON is valid for input data
2026-04-01 16:43,319303,"UFC Fight Night: JJ Aldrich vs. Jamey-Lyn Horth (Women's Flyweight, Prelims)",BUY_YES,0.52,99%,The information provided is suitable for validation.
2026-04-01 16:44,312002,Truro City FC vs. Forest Green Rovers FC - More Markets,BUY_YES,0.505,95%,
2026-04-01 16:44,328476,Comunicaciones FC vs. Aurora FC - More Markets,BUY_YES,0.505,100%,
2026-04-01 16:44,258585,Swansea City AFC vs. Middlesbrough FC - More Markets,BUY_YES,0.505,98%,
2026-04-01 17:37,320260,Stade Rennais FC 1901 vs. Angers SCO - Exact Score,BUY_YES,0.475,100%,
2026-04-01 17:37,311766,Morecambe FC vs. Carlisle United FC,BUY_NO,0.515,100%,
2026-04-01 17:38,317581,FC Hermannstadt vs. FCV Farul Constanţa - More Markets,BUY_YES,0.505,100%,Market and news data available
2026-04-01 17:38,264095,Damac Saudi Club vs. Al Qadisiyah Saudi Club - More Markets,BUY_YES,0.515,95%,No reason provided
2026-04-01 18:36,319303,"UFC Fight Night: JJ Aldrich vs. Jamey-Lyn Horth (Women's Flyweight, Prelims)",BUY_YES,0.515,100%,Market and news provided
2026-04-01 18:36,324110,VfB Stuttgart vs. Hamburger SV - Exact Score,BUY_YES,0.505,99%,score available from multiple sources
2026-04-01 18:36,317286,CS Independiente Rivadavia vs. AA Argentinos Juniors - More Markets,BUY_YES,0.51,95%,
2026-04-01 18:37,331656,Port Vale FC vs. Barnsley FC,BUY_NO,0.505,96%,
2026-04-01 18:37,311991,Cheltenham Town FC vs. Cambridge United FC - More Markets,BUY_YES,0.51,100%,
2026-04-01 18:37,321603,SSC Napoli vs. AC Milan - Player Props,BUY_NO,0.505,100%,There's no player prop data available for SSC Napoli vs. AC Milan.
2026-04-01 18:38,328476,Comunicaciones FC vs. Aurora FC - More Markets,BUY_NO,0.495,83%,
2026-04-01 19:43,321383,FC Universitario vs. Club The Strongest - More Markets,BUY_NO,0.49,100%,News articles and market available
2026-04-01 19:43,275915,AA Ponte Preta vs. Vila Nova FC - More Markets,BUY_YES,0.515,87%,Multiple sources found
2026-04-01 19:43,317286,CS Independiente Rivadavia vs. AA Argentinos Juniors - More Markets,BUY_YES,0.515,90%,Market and news data are available.
2026-04-01 19:43,321603,SSC Napoli vs. AC Milan - Player Props,BUY_NO,0.49,90%,Information available
2026-04-01 19:44,258585,Swansea City AFC vs. Middlesbrough FC - More Markets,BUY_YES,0.505,84%,
2026-04-01 19:44,264095,Damac Saudi Club vs. Al Qadisiyah Saudi Club - More Markets,BUY_YES,0.515,90%,
2026-04-01 19:45,328476,Comunicaciones FC vs. Aurora FC - More Markets,BUY_YES,0.51,100%,There are 2 available news articles for the Market: Comunicaciones FC vs. Aurora FC.
2026-04-01 20:25,319295,"UFC Fight Night: John Castaneda vs. Mark Vologdin (Bantamweight, Prelims)",BUY_PART,0.47,100%,
2026-04-01 20:25,321603,SSC Napoli vs. AC Milan - Player Props,BUY_YES,0.51,99%,
2026-04-01 21:27,329257,LoL: ⁠Movistar KOI Fénix vs Barça eSports (BO3) - LES Regular Season,BUY_YES,0.55,85%,Data is available.
2026-04-01 21:27,321603,SSC Napoli vs. AC Milan - Player Props,BUY_YES,0.51,99%,
2026-04-01 21:27,322267,San Diego FC vs. Minnesota United FC - Exact Score,BUY_NO,0.515,90%,1:0
2026-04-01 22:09,319295,"UFC Fight Night: John Castaneda vs. Mark Vologdin (Bantamweight, Prelims)",BUY.YES IF ABOVE .5,0.53,100%,
2026-04-01 22:09,276642,Silkeborg IF vs. Odense BK - More Markets,BUY_YES,0.51,95%,
2026-04-01 22:10,321383,FC Universitario vs. Club The Strongest - More Markets,BUY_YES,0.51,85%,
2026-04-01 22:10,322267,San Diego FC vs. Minnesota United FC - Exact Score,BUY_YES,0.485,100%,
2026-04-01 23:22,319295,"UFC Fight Night: John Castaneda vs. Mark Vologdin (Bantamweight, Prelims)",BUY_YES,0.53,99%,Valid input
2026-04-01 23:22,275915,AA Ponte Preta vs. Vila Nova FC - More Markets,"BUY_YES"" if 0.655 > 0.5 else ""BUY_NO",0.655,90%,Data provided
2026-04-01 23:23,270625,FC Seoul vs. Jeonbuk Hyundai Motors FC - More Markets,BUY_YES,0.51,95%,News articles are available
2026-04-02 00:02,319295,"UFC Fight Night: John Castaneda vs. Mark Vologdin (Bantamweight, Prelims)",BUY_YES,0.53,100%,
2026-04-02 00:02,329257,LoL: ⁠Movistar KOI Fénix vs Barça eSports (BO3) - LES Regular Season,BUY_YES,0.55,100%,No invalid or missing data found
2026-04-02 00:02,321383,FC Universitario vs. Club The Strongest - More Markets,BUY_YES,0.51,100%,Available news
2026-04-02 00:02,314874,Kocaelispor vs. Rams Başakşehir FK - More Markets,BUY_NO,0.54,99%,Enough data found.
2026-04-02 00:02,322267,San Diego FC vs. Minnesota United FC - Exact Score,BUY_NO,0.515,99%,Confirmed by multiple sources
2026-04-02 00:03,328631,York City FC vs. Altrincham FC - More Markets,BUY_YES,0.51,99%,Market and news data available
2026-04-02 03:36,319295,"UFC Fight Night: John Castaneda vs. Mark Vologdin (Bantamweight, Prelims)",DECIDE_YES_NO,0.53,100%,News articles found for John Castaneda vs. Mark Vologdin.
2026-04-02 03:36,276642,Silkeborg IF vs. Odense BK - More Markets,BUY_YES,0.52,99%,market_found
2026-04-02 03:36,275915,AA Ponte Preta vs. Vila Nova FC - More Markets,BUY_YES,0.515,100%,
2026-04-02 03:37,311991,Cheltenham Town FC vs. Cambridge United FC - More Markets,BUY_YES,0.51,90%,Market data appears to be in the correct format for analysis
2026-04-02 05:25,275915,AA Ponte Preta vs. Vila Nova FC - More Markets,BUY_YES,0.515,95%,sufficient market news
2026-04-02 05:25,320252,VfL Wolfsburg vs. Eintracht Frankfurt - Exact Score,BUY_NO,0.575,100%,
2026-04-02 05:26,273316,Chicago Fire FC vs. Atlanta United FC - More Markets,BUY_NO,0.495,100%,No valid reason
2026-04-02 05:26,264095,Damac Saudi Club vs. Al Qadisiyah Saudi Club - More Markets,BUY_YES,0.515,99%,
2026-04-02 06:54,317286,CS Independiente Rivadavia vs. AA Argentinos Juniors - More Markets,BUY_YES,0.51,99%,Both news and market data exist
2026-04-02 07:57,329257,LoL: ⁠Movistar KOI Fénix vs Barça eSports (BO3) - LES Regular Season,BUY_YES,0.6,100%,
2026-04-02 07:57,319303,"UFC Fight Night: JJ Aldrich vs. Jamey-Lyn Horth (Women's Flyweight, Prelims)",BUY_YES,0.51,100%,Valid market data found
2026-04-02 07:57,320252,VfL Wolfsburg vs. Eintracht Frankfurt - Exact Score,BUY_YES,0.425,90%,
2026-04-02 07:57,317286,CS Independiente Rivadavia vs. AA Argentinos Juniors - More Markets,BUY_YES,0.51,99.99313%,Information available: News about the match from Polymarket and FotMob
2026-04-02 07:58,317581,FC Hermannstadt vs. FCV Farul Constanţa - More Markets,BUY_YES,0.505,99%,no reason provided
2026-04-02 08:43,319295,"UFC Fight Night: John Castaneda vs. Mark Vologdin (Bantamweight, Prelims)",BUY_YES,0.53,88%,
2026-04-02 08:44,317286,CS Independiente Rivadavia vs. AA Argentinos Juniors - More Markets,BUY_YES,0.51,100%,At least one news article has a score over 0.99
2026-04-02 09:43,329257,LoL: ⁠Movistar KOI Fénix vs Barça eSports (BO3) - LES Regular Season,BUY_NO,0.4,90%,
2026-04-02 09:44,275915,AA Ponte Preta vs. Vila Nova FC - More Markets,BUY_YES_NO_OP,0.515,84%,
2026-04-02 09:44,320252,VfL Wolfsburg vs. Eintracht Frankfurt - Exact Score,BUY_YES,0.425,90%,Final Score - Eintracht Frankfurt 1-1 VfL Wolfsburg
2026-04-02 09:44,304453,UC Sampdoria vs. Empoli FC - More Markets,BUY_YES,0.51,85%,
2026-04-02 10:35,276642,Silkeborg IF vs. Odense BK - More Markets,BUY_YES,0.52,98%,
2026-04-02 10:35,273316,Chicago Fire FC vs. Atlanta United FC - More Markets,,0.495,100%,
2026-04-02 10:35,317581,FC Hermannstadt vs. FCV Farul Constanţa - More Markets,BUY_YES,0.505,100%,no issue with input data
2026-04-02 11:30,329257,LoL: ⁠Movistar KOI Fénix vs Barça eSports (BO3) - LES Regular Season,BUY_YES,0.6,100%,
2026-04-02 11:31,276642,Silkeborg IF vs. Odense BK - More Markets,BUY_YES,0.52,100%,No reason provided
2026-04-02 11:31,317274,CA Vélez Sarsfield vs. CA Central Córdoba - More Markets,BUY_YES,0.51,100%,Available markets found
2026-04-02 11:31,317601,São Paulo FC vs. Cruzeiro EC - More Markets,BUY_YES,0.685,100%,
2026-04-02 11:31,270625,FC Seoul vs. Jeonbuk Hyundai Motors FC - More Markets,BUY_YES,0.645,100%,FC Seoul vs. Jeonbuk Hyundai Motors FC: Head to head statistics and analysis
2026-04-02 12:39,317281,CA Newell's Old Boys vs. CA San Lorenzo de Almagro - More Markets,BUY_YES,0.52,100%,No specific information found for this request.
2026-04-02 12:39,317279,CA Tucumán vs. CA Tigre - More Markets,BUY_YES,0.51,100%,
2026-04-02 12:39,275915,AA Ponte Preta vs. Vila Nova FC - More Markets,BUY_YES,0.515,90%,News articles found for the market.
2026-04-02 12:39,319303,"UFC Fight Night: JJ Aldrich vs. Jamey-Lyn Horth (Women's Flyweight, Prelims)",BUY_NO,0.49,99%,The news and market details are available for the UFC Fight Night event.
2026-04-02 12:39,311991,Cheltenham Town FC vs. Cambridge United FC - More Markets,BUY_NO,0.49,100%,
2026-04-02 14:07,319295,"UFC Fight Night: John Castaneda vs. Mark Vologdin (Bantamweight, Prelims)",BUY_YES,0.53,100%,"Market title matches news title: UFC Fight Night: John Castaneda vs. Mark Vologdin (Bantamweight, Prelims)"
2026-04-02 14:07,329257,LoL: ⁠Movistar KOI Fénix vs Barça eSports (BO3) - LES Regular Season,BUY_YES,0.6,100%,
2026-04-02 14:08,317581,FC Hermannstadt vs. FCV Farul Constanţa - More Markets,BUY_YES,0.505,99%,
2026-04-02 14:08,270625,FC Seoul vs. Jeonbuk Hyundai Motors FC - More Markets,BUY_YES,0.51,99%,
2026-04-02 14:09,258601,Wrexham AFC vs. Southampton FC - More Markets,BUY_YES,0.51,100%,
2026-04-02 14:09,317659,Ismaily SC vs. Tala'ea El Gaish SC - More Markets,BUY_YES,0.51,92%,Match details available
2026-04-02 15:39,317281,CA Newell's Old Boys vs. CA San Lorenzo de Almagro - More Markets,BUY_NO,0.485,99%,sufficient_market_data
2026-04-02 15:40,275915,AA Ponte Preta vs. Vila Nova FC - More Markets,BUY_YES,0.515,99%,
2026-04-02 15:40,311991,Cheltenham Town FC vs. Cambridge United FC - More Markets,BUY_YES,0.51,88.49%,
2026-04-02 15:40,317581,FC Hermannstadt vs. FCV Farul Constanţa - More Markets,BUY_YES,0.505,90%,Insufficient information for confident prediction.
2026-04-02 16:35,319295,"UFC Fight Night: John Castaneda vs. Mark Vologdin (Bantamweight, Prelims)",BUY_YES,0.53,100%,Valid JSON input
2026-04-02 16:35,317650,Tala'ea El Gaish SC vs. National Bank of Egypt Club - More Markets,BUY_YES,0.515,82%,
2026-04-02 16:35,311766,Morecambe FC vs. Carlisle United FC,BUY_YES,0.44,97%,Success
2026-04-02 16:36,317274,CA Vélez Sarsfield vs. CA Central Córdoba - More Markets,BUY_YES,0.505,100%,
2026-04-02 17:30,329257,LoL: ⁠Movistar KOI Fénix vs Barça eSports (BO3) - LES Regular Season,BUY_YES,0.6,98%,
2026-04-02 17:31,317584,Associação Chapecoense de Futebol vs. EC Vitória - More Markets,BUY_YES,0.51,100%,Valid JSON response
2026-04-02 19:35,336260,Copa Libertadores: Winner,BUY_YES,0.525,89%,
2026-04-02 19:36,276642,Silkeborg IF vs. Odense BK - More Markets,BUY_NO,0.67,88%,
2026-04-02 20:08,275915,AA Ponte Preta vs. Vila Nova FC - More Markets,BUY_NO,0.485,88%,News article available
2026-04-02 20:08,314874,Kocaelispor vs. Rams Başakşehir FK - More Markets,BUY_YES,0.46,99%,
2026-04-02 20:08,265527,Flames vs. Avalanche,BUY_YES,0.325,99%,Multiple news sources confirm Flames' loss to Avalanche
2026-04-02 21:08,317281,CA Newell's Old Boys vs. CA San Lorenzo de Almagro - More Markets,BUY_YES,0.505,99%,
2026-04-02 21:08,273316,Chicago Fire FC vs. Atlanta United FC - More Markets,BUY,0.585,83%,Sufficient data found to make a prediction
2026-04-02 21:08,314874,Kocaelispor vs. Rams Başakşehir FK - More Markets,BUY_YES,0.46,95%,market information available
2026-04-02 22:06,329257,LoL: ⁠Movistar KOI Fénix vs Barça eSports (BO3) - LES Regular Season,BUY_YES,0.6,85%,
2026-04-02 22:06,276642,Silkeborg IF vs. Odense BK - More Markets,BUY_NO,0.505,100%,no relevant market or news
2026-04-02 22:06,273316,Chicago Fire FC vs. Atlanta United FC - More Markets,BUY_NO,0.51,100%,News available for game
2026-04-03 00:04,317281,CA Newell's Old Boys vs. CA San Lorenzo de Almagro - More Markets,BUY_YES,0.505,88%,Valid news
2026-04-03 00:04,329257,LoL: ⁠Movistar KOI Fénix vs Barça eSports (BO3) - LES Regular Season,BUY_YES,0.6,100%,
2026-04-03 00:04,336886,What will be the top global Netflix show this week?,NO_ACTION,0.69,86%,"According to news, One Piece is the top global Netflix show this week."
2026-04-03 00:04,275915,AA Ponte Preta vs. Vila Nova FC - More Markets,BUY_YES,0.515,100%,
2026-04-03 00:05,304453,UC Sampdoria vs. Empoli FC - More Markets,BUY_YES,0.505,99%,
2026-04-03 03:39,317568,EC Bahia vs. SE Palmeiras - More Markets,BUY_NO,0.705,100%,
2026-04-03 05:27,329257,LoL: ⁠Movistar KOI Fénix vs Barça eSports (BO3) - LES Regular Season,BUY_YES,0.6,100%,No issues found
2026-04-03 05:27,275915,AA Ponte Preta vs. Vila Nova FC - More Markets,"BUY_YES"" if 0.515 > 0.5 else ""BUY_NO",0.515,100%,Valid JSON input
2026-04-03 05:28,312002,Truro City FC vs. Forest Green Rovers FC - More Markets,BUY_YES,0.505,100%,enough market and news data
2026-04-03 05:28,318112,América de Cali vs. Club Alianza Atlético - More Markets,YES,0.515,100%,
2026-04-03 05:28,314874,Kocaelispor vs. Rams Başakşehir FK - More Markets,BUY_NO,0.54,88%,No errors found
2026-04-03 05:28,328631,York City FC vs. Altrincham FC - More Markets,BUY_NO,0.49,100%,
2026-04-03 05:28,328938,NK Lokomotiva Zagreb vs. NK Istra 1961 - More Markets,BUY_YES,0.51,95%,
2026-04-03 06:50,317281,CA Newell's Old Boys vs. CA San Lorenzo de Almagro - More Markets,BUY_YES,0.51,83%,News feeds are available
2026-04-03 06:50,319303,"UFC Fight Night: JJ Aldrich vs. Jamey-Lyn Horth (Women's Flyweight, Prelims)",BUY_YES,0.515,99%,Both sources confirm Jamey-Lyn Horth - JJ Aldrich as a Flyweight match (125 lbs) on Preliminary Card.
2026-04-03 06:51,275915,AA Ponte Preta vs. Vila Nova FC - More Markets,BUY_YES,0.515,100%,The input data is in the correct format
2026-04-03 06:51,336058,Bucks vs. Pistons,BUY_NO,0.81,100%,no issues with data
2026-04-03 06:51,317568,EC Bahia vs. SE Palmeiras - More Markets,BUY_NO,0.705,99%,
2026-04-03 07:55,316447,Olympique de Marseille vs. FC Metz - Exact Score,BUY_YES,0.485,100%,
2026-04-03 07:55,273316,Chicago Fire FC vs. Atlanta United FC - More Markets,BUY_YES,0.415,90%,
2026-04-03 08:38,321383,FC Universitario vs. Club The Strongest - More Markets,BUY_YES,0.51,100%,Available data found for both markets and news.
2026-04-03 08:39,317274,CA Vélez Sarsfield vs. CA Central Córdoba - More Markets,BUY_YES,0.515,100%,no errors in input
2026-04-03 08:39,318112,América de Cali vs. Club Alianza Atlético - More Markets,BUY_YES,0.51,100%,
2026-04-03 08:39,328476,Comunicaciones FC vs. Aurora FC - More Markets,BUY_YES,0.51,100%,News found
2026-04-03 09:37,319295,"UFC Fight Night: John Castaneda vs. Mark Vologdin (Bantamweight, Prelims)",BUY_YES,0.53,100%,No issues found
2026-04-03 09:37,319303,"UFC Fight Night: JJ Aldrich vs. Jamey-Lyn Horth (Women's Flyweight, Prelims)",BUY_YES,0.515,100%,The provided news sources contain valid information about the UFC fight.
2026-04-03 09:38,318112,América de Cali vs. Club Alianza Atlético - More Markets,BUY_YES,0.515,100%,Predictions available
2026-04-03 09:38,314874,Kocaelispor vs. Rams Başakşehir FK - More Markets,BUY_NO,0.53,99%,
2026-04-03 09:38,311977,Sporting FC vs. LD Alajuelense - More Markets,BUY_YES,0.51,100%,No errors detected
2026-04-03 09:38,265527,Flames vs. Avalanche,BUY_YES,0.33,100%,Valid hockey scores extracted
2026-04-03 10:27,329257,LoL: ⁠Movistar KOI Fénix vs Barça eSports (BO3) - LES Regular Season,BUY_YES,0.625,100%,Multiple news sources found
2026-04-03 10:27,317650,Tala'ea El Gaish SC vs. National Bank of Egypt Club - More Markets,BUY_YES,0.515,99%,No errors in the input
2026-04-03 10:27,321383,FC Universitario vs. Club The Strongest - More Markets,BUY_YES,0.515,100%,
2026-04-03 10:28,317579,CA Mineiro vs. CA Paranaense - More Markets,BUY_NO,0.89,99%,
2026-04-03 11:25,323929,VfL Bochum vs. Eintracht Braunschweig,BUY_YES,0.48,98%,
2026-04-03 11:25,329257,LoL: ⁠Movistar KOI Fénix vs Barça eSports (BO3) - LES Regular Season,BUY_YES,0.625,95%,News available
2026-04-03 11:25,319303,"UFC Fight Night: JJ Aldrich vs. Jamey-Lyn Horth (Women's Flyweight, Prelims)",BUY_YES,0.515,84%,
2026-04-03 11:26,311850,CSD Cobán Imperial vs. CD Guastatoya - More Markets,BUY_YES,0.52,100%,Available markets and match data
2026-04-03 11:26,331656,Port Vale FC vs. Barnsley FC,BUY_YES,0.475,99%,Both sides are favorites to win
2026-04-03 11:26,328631,York City FC vs. Altrincham FC - More Markets,BUY_YES,0.515,100%,News articles available
2026-04-03 11:26,318112,América de Cali vs. Club Alianza Atlético - More Markets,BUY_NO,0.485,100%,
2026-04-03 12:06,319295,"UFC Fight Night: John Castaneda vs. Mark Vologdin (Bantamweight, Prelims)",BUY_YES,0.53,100%,News available
2026-04-03 12:07,321383,FC Universitario vs. Club The Strongest - More Markets,BUY_YES,0.515,99%,Valid data
2026-04-03 12:07,320252,VfL Wolfsburg vs. Eintracht Frankfurt - Exact Score,BUY_YES,0.495,83%,Score extracted from at least one URL
2026-04-03 12:07,318112,América de Cali vs. Club Alianza Atlético - More Markets,BUY_YES,0.515,83%,
2026-04-03 13:50,329257,LoL: ⁠Movistar KOI Fénix vs Barça eSports (BO3) - LES Regular Season,BUY_PARTIAL,0.375,100%,
2026-04-03 13:50,273316,Chicago Fire FC vs. Atlanta United FC - More Markets,BUY_YES,0.505,100%,News and market data found
2026-04-03 13:50,311850,CSD Cobán Imperial vs. CD Guastatoya - More Markets,BUY_YES,0.53,98%,Match data available
2026-04-03 13:50,320252,VfL Wolfsburg vs. Eintracht Frankfurt - Exact Score,BUY_SAME_PROBABILITY,0.515,99%,Both sources suggest a score of 1-1
2026-04-03 13:50,312002,Truro City FC vs. Forest Green Rovers FC - More Markets,BUY_NO,0.495,90%,No conflicting match results found.
2026-04-03 13:50,311977,Sporting FC vs. LD Alajuelense - More Markets,BUY_NO,0.475,85%,News is available
2026-04-03 13:51,317280,CA Huracán vs. CA Rosario Central - More Markets,BUY_YES,0.525,100%,
2026-04-03 14:35,311977,Sporting FC vs. LD Alajuelense - More Markets,BUY_YES,0.505,100%,News available for Sporting FC vs LD Alajuelense
2026-04-03 15:27,317579,CA Mineiro vs. CA Paranaense - More Markets,NO,0.89,100%,
2026-04-03 16:09,339995,Counter-Strike: ESC Gaming vs Team Nemesis (BO3) - CCT Europe Series #19 Playoffs,BUY_YES,0.5,100%,no match result for team nemesis against ecstatic
2026-04-03 16:09,340045,"T20 Kalahari Tournament, Women: Zambia vs Mozambique",BUY_YES,0.5,99%,News available
2026-04-03 17:07,339990,Ethereum above ___ on April 10?,BUY_YES,0.5,100%,
2026-04-03 18:07,340033,T20 Brisbane Champions League: Everest Falcons vs New York Liberty Xi,BUY_YES,0.5,85%,
2026-04-03 18:07,337488,Primeira Liga: Team to qualify for UEFA Conference League,BUY_YES,0.5,100%,
2026-04-03 18:07,337395,Serie A: Team to qualify for UEFA Europa League,BUY_YES,0.5,99%,The article clearly states that Roma qualified for the 2025-26 Europa League.
2026-04-03 19:27,340162,"Bitcoin above ___ on April 3, 2PM ET?",BUY_YES,0.5,99%,"multiple news sources confirm the current price of Bitcoin for April 3, 2PM ET"
2026-04-03 20:05,340093,Counter-Strike: InControl vs LAG Gaming (BO3) - ESL Challenger League North America Cup #3 Playoffs,BUY_YES,0.5,99%,
2026-04-03 21:07,340162,"Bitcoin above ___ on April 3, 2PM ET?",BUY_YES,1.0,100%,prediction markets are consistent for Bitcoin price on April 3 2PM ET
2026-04-03 22:02,317281,CA Newell's Old Boys vs. CA San Lorenzo de Almagro - More Markets,BUY_NO,0.555,99%,
2026-04-03 22:02,329257,LoL: ⁠Movistar KOI Fénix vs Barça eSports (BO3) - LES Regular Season,BUY_YES,0.625,100%,
2026-04-03 22:02,339979,Slingshot FDV above ___ one day after launch?,BUY_YES,0.575,99%,Both news sources report the price of FDV above $500M one day after launch.
2026-04-03 22:03,317650,Tala'ea El Gaish SC vs. National Bank of Egypt Club - More Markets,BUY_YES,0.515,98%,
2026-04-03 22:03,317581,FC Hermannstadt vs. FCV Farul Constanţa - More Markets,BUY_YES,0.505,85%,sufficient news for prediction
2026-04-03 22:03,322267,San Diego FC vs. Minnesota United FC - Exact Score,BUY_YES,0.49,99%,
2026-04-03 22:04,317292,CA River Plate vs. CA Belgrano - More Markets,BUY_YES,0.32,99%,Sufficient news found
2026-04-03 22:04,304453,UC Sampdoria vs. Empoli FC - More Markets,BUY_NO,0.93,100%,sufficient news available
2026-04-03 22:04,264095,Damac Saudi Club vs. Al Qadisiyah Saudi Club - More Markets,BUY_NO,0.62,100%,News available for the market
2026-04-03 23:07,317584,Associação Chapecoense de Futebol vs. EC Vitória - More Markets,BUY_YES,0.135,92%,sufficient sources
2026-04-04 00:02,329257,LoL: ⁠Movistar KOI Fénix vs Barça eSports (BO3) - LES Regular Season,BUY_YES,0.625,100%,
2026-04-04 00:02,328631,York City FC vs. Altrincham FC - More Markets,BUY_YES,0.67,100%,News available
2026-04-04 03:26,317650,Tala'ea El Gaish SC vs. National Bank of Egypt Club - More Markets,p_YES > p_NO ?,0.515,95%,Sufficient match data found
2026-04-04 03:27,317581,FC Hermannstadt vs. FCV Farul Constanţa - More Markets,BUY_YES,0.505,100%,News available
2026-04-04 03:27,270625,FC Seoul vs. Jeonbuk Hyundai Motors FC - More Markets,BUY_YES,0.51,85%,
2026-04-04 05:13,273316,Chicago Fire FC vs. Atlanta United FC - More Markets,BUY_NO,0.52,98%,
2026-04-04 05:13,317568,EC Bahia vs. SE Palmeiras - More Markets,BUY_YES,0.28,98%,There are 2 or more available news sources.
2026-04-04 06:40,331656,Port Vale FC vs. Barnsley FC,BUY_YES,0.49,100%,
2026-04-04 06:40,317274,CA Vélez Sarsfield vs. CA Central Córdoba - More Markets,BUY_YES,0.525,90%,Match data available from multiple credible sources.
2026-04-04 06:40,311850,CSD Cobán Imperial vs. CD Guastatoya - More Markets,BUY_YES,0.515,100%,All provided data is valid
2026-04-04 06:40,328558,Forest Green Rovers FC vs. Braintree Town FC,BUY_NO,0.535,85%,
2026-04-04 06:41,328631,York City FC vs. Altrincham FC - More Markets,YES,0.63,100%,
2026-04-04 06:41,264095,Damac Saudi Club vs. Al Qadisiyah Saudi Club - More Markets,BUY_YES,0.43,84%,Data is available
2026-04-04 07:36,342382,SeaHorses Mikawa vs. Diamond Dolphins,BUY_YES,0.5,99%,
2026-04-04 07:36,342354,Goyang vs. Anyang,BUY_YES,0.5,90%,Valid match found in 365Scores and Chosun news
2026-04-04 07:37,342381,SAN-EN NeoPhoenix vs. Sendai 89ers,BUY_YES,0.5,90%,Recent match found
2026-04-04 07:37,342367,Nagasaki Velca vs. SAN-EN NeoPhoenix,BUY_YES,0.5,85%,Nagasaki Velca has a higher chance of winning according to both news sources
2026-04-04 07:37,342366,Ryukyu Golden Kings vs. Osaka Evessa,BUY_YES,0.5,93%,
2026-04-04 07:37,342359,BC Zenit vs. Uralmash,BUY_YES,0.5,83%,Zenit leads
2026-04-04 08:08,329257,LoL: ⁠Movistar KOI Fénix vs Barça eSports (BO3) - LES Regular Season,BUY_YES,0.625,99%,multiple sources available to determine outcome
2026-04-04 08:08,331656,Port Vale FC vs. Barnsley FC,BUY_YES,0.495,90%,
2026-04-04 08:09,317274,CA Vélez Sarsfield vs. CA Central Córdoba - More Markets,BUY_YES,0.535,90%,
2026-04-04 09:23,311850,CSD Cobán Imperial vs. CD Guastatoya - More Markets,BUY_YES,0.515,100%,JSON input provided
2026-04-04 09:23,317274,CA Vélez Sarsfield vs. CA Central Córdoba - More Markets,BUY_YES,0.535,100%,Score from multiple news sources is 0.999067 and 0.998784 which are very close to each other
2026-04-04 09:23,318112,América de Cali vs. Club Alianza Atlético - More Markets,BUY_YES,0.495,98%,Match data available
2026-04-04 09:23,311977,Sporting FC vs. LD Alajuelense - More Markets,BUY_YES,0.52,100%,Available news and predictions for Sporting FC vs LD Alajuelense available
2026-04-04 09:23,317581,FC Hermannstadt vs. FCV Farul Constanţa - More Markets,BUY_YES,0.5,100%,No issues found
2026-04-04 09:23,270625,FC Seoul vs. Jeonbuk Hyundai Motors FC - More Markets,BUY_YES,0.52,100%,Match details available
2026-04-04 09:24,318411,Konyaspor vs. Fatih Karagümrük SK,BUY_YES,0.435,100%,
2026-04-04 09:24,311901,CD Guastatoya vs. Antigua GFC - More Markets,BUY_YES,0.515,99%,There are news articles available for the match.
2026-04-04 10:06,311991,Cheltenham Town FC vs. Cambridge United FC - More Markets,BUY_YES,0.335,86%,
2026-04-04 10:06,314523,CA Mineiro vs. CA Juventud,BUY_YES,0.77,100%,
2026-04-04 11:59,317274,CA Vélez Sarsfield vs. CA Central Córdoba - More Markets,YES,0.51,98%,
2026-04-04 12:00,264095,Damac Saudi Club vs. Al Qadisiyah Saudi Club - More Markets,BUY_NO,0.565,100%,Both teams' scores extracted successfully
2026-04-04 12:33,329257,LoL: ⁠Movistar KOI Fénix vs Barça eSports (BO3) - LES Regular Season,BUY_YES,0.63,100%,news articles found
2026-04-04 12:34,317274,CA Vélez Sarsfield vs. CA Central Córdoba - More Markets,BUY_YES,0.515,99%,Both news have scores
2026-04-04 12:35,317280,CA Huracán vs. CA Rosario Central - More Markets,BUY YES IF ABOVE 0.500,0.505,100%,
2026-04-04 12:35,328476,Comunicaciones FC vs. Aurora FC - More Markets,BUY_YES,0.51,91%,News article score: 0.6742441 is higher than other available scores. 0.6742441 is chosen as a final score.
2026-04-04 13:40,311991,Cheltenham Town FC vs. Cambridge United FC - More Markets,BUY_NO,0.665,99%,News with a score above 0.99
2026-04-04 13:40,314874,Kocaelispor vs. Rams Başakşehir FK - More Markets,BUY_YES,0.455,88%,sufficient_market_data
2026-04-04 14:09,329257,LoL: ⁠Movistar KOI Fénix vs Barça eSports (BO3) - LES Regular Season,BUY_YES,0.63,99%,
2026-04-04 14:09,317650,Tala'ea El Gaish SC vs. National Bank of Egypt Club - More Markets,BUY_YES,0.515,99.989%,
2026-04-04 14:09,275915,AA Ponte Preta vs. Vila Nova FC - More Markets,BUY_YES,0.515,100%,Market found
2026-04-04 14:09,317274,CA Vélez Sarsfield vs. CA Central Córdoba - More Markets,BUY_NO,0.485,100%,News is available for the market
2026-04-04 14:10,328632,Eastleigh FC vs. Yeovil Town FC - More Markets,BUY_NO,0.505,100%,News available
2026-04-04 16:01,276642,Silkeborg IF vs. Odense BK - More Markets,BUY_YES,0.505,100%,enough sources
2026-04-04 16:02,328632,Eastleigh FC vs. Yeovil Town FC - More Markets,BUY_YES,0.515,85%,
2026-04-04 16:35,317281,CA Newell's Old Boys vs. CA San Lorenzo de Almagro - More Markets,BUY_YES,0.495,100%,
2026-04-04 16:36,329257,LoL: ⁠Movistar KOI Fénix vs Barça eSports (BO3) - LES Regular Season,BUY_YES,0.63,100%,Match details available
2026-04-04 16:36,311991,Cheltenham Town FC vs. Cambridge United FC - More Markets,BUY_NO,0.675,85%,
2026-04-04 16:36,314874,Kocaelispor vs. Rams Başakşehir FK - More Markets,BUY_NO,0.545,100%,Valid market data found in news sources.
2026-04-04 16:36,328631,York City FC vs. Altrincham FC - More Markets,BUY_YES,0.63,98%,
2026-04-04 17:06,275915,AA Ponte Preta vs. Vila Nova FC - More Markets,BUY_YES,0.515,100%,Market and news available
2026-04-04 17:06,273316,Chicago Fire FC vs. Atlanta United FC - More Markets,BUY_YES,0.51,100%,
2026-04-04 18:02,323929,VfL Bochum vs. Eintracht Braunschweig,BUY_NO,0.525,95%,
2026-04-04 18:02,275915,AA Ponte Preta vs. Vila Nova FC - More Markets,DECISION_TO_BUY,0.485,100%,No discrepancies found in news sources
2026-04-04 18:02,321383,FC Universitario vs. Club The Strongest - More Markets,YES,0.51,85%,Market and news are available
2026-04-04 18:02,317650,Tala'ea El Gaish SC vs. National Bank of Egypt Club - More Markets,YES,0.515,99%,Available news from Sofascore and Sir.sportradar.com
2026-04-04 18:44,323335,Genoa CFC vs. US Sassuolo Calcio - Exact Score,BUY_YES,0.46,95%,Exact score found in news
2026-04-04 18:44,329257,LoL: ⁠Movistar KOI Fénix vs Barça eSports (BO3) - LES Regular Season,BUY_YES,0.625,100%,Successful input
2026-04-04 18:44,319303,"UFC Fight Night: JJ Aldrich vs. Jamey-Lyn Horth (Women's Flyweight, Prelims)",BUY_YES,0.34,99%,Valid news
2026-04-04 19:20,329257,LoL: ⁠Movistar KOI Fénix vs Barça eSports (BO3) - LES Regular Season,BUY_YES,0.63,100%,
2026-04-04 19:20,319303,"UFC Fight Night: JJ Aldrich vs. Jamey-Lyn Horth (Women's Flyweight, Prelims)",BUY_YES,0.34,99%,
2026-05-01 16:37,424711,AS Roma vs. ACF Fiorentina - Player Props,BUY_YES,0.2,100%,No issues found
2026-05-01 16:37,350113,Haras El Hodood SC vs. Tala'ea El Gaish SC - More Markets,BUY_NO,0.875,100%,
2026-05-01 16:37,418997,Cagliari Calcio vs. Udinese Calcio - More Markets,BUY_NO,0.56,100%,no prediction data available
2026-05-01 16:38,418992,SS Lazio vs. FC Internazionale Milano - More Markets,BUY_NO,0.94,90%,Market and news for SS Lazio vs. FC Internazionale Milano are available.
2026-05-01 16:38,415934,Yokohama B-Corsairs vs. Brave Thunders,BUY_YES,0.775,100%,No issue found with input data
2026-05-01 17:39,411276,2026 FIFA World Cup: Player to make USA Squad,BUY_YES,0.535,85.07%,
2026-05-01 17:40,424233,Paris FC vs. Stade Brestois 29 - Player Props,BUY_NO,0.78,82%,News found
2026-05-01 17:40,424711,AS Roma vs. ACF Fiorentina - Player Props,BUY_YES,0.195,100%,Player props available
2026-05-01 17:40,424152,Kasımpaşa SK vs. Kocaelispor - More Markets,BUY_YES,0.175,100%,No conflicting information found
2026-05-01 17:40,350101,Ghazl El Mahalla SC vs. Ismaily SC - More Markets,BUY_NO,0.865,100%,
2026-05-01 17:40,364065,Tala'ea El Gaish SC vs. Ghazl El Mahalla SC - More Markets,BUAY_NO,0.635,100%,Valid input
2026-05-01 18:45,353698,Wadi Degla SC vs. Kahrabaa Ismailia FC - More Markets,BUY_YES,0.28,100%,No issues found
2026-05-01 18:46,389785,Tianjin Jinmen Hu FC vs. Chengdu Rongcheng FC,BUY_YES,0.345,99%,News available
2026-05-01 19:52,424232,RC Strasbourg Alsace vs. Toulouse FC - Player Props,BUY_NO,0.805,99%,AI prediction suggests a favorable outcome for RC Strasbourg
2026-05-01 19:52,424152,Kasımpaşa SK vs. Kocaelispor - More Markets,BUY_YES,0.19,81%,Kocaelispor has had a better performance against Kasimpasa SK
2026-05-01 19:53,367490,Kahrabaa Ismailia FC vs. Pharco FC - More Markets,BUY_YES,0.365,98%,
2026-05-01 19:53,389785,Tianjin Jinmen Hu FC vs. Chengdu Rongcheng FC,BUY_YES,0.34,100%,
2026-05-01 19:53,434756,SC Corinthians Paulista vs. CA Platense,BUY_YES,0.455,90%,Data is valid
2026-05-01 21:35,353724,SC Internacional vs. Fluminense FC - More Markets,BUY_NO,0.79,99%,
2026-05-01 21:35,424231,AJ Auxerre vs. Angers SCO - Player Props,BUY_NO,0.795,99%,Insufficient information to make a recommendation
2026-05-01 21:36,424712,FC Internazionale Milano vs. Parma Calcio 1913 - Player Props,BUY_YES,0.35,100%,market news available
2026-05-01 21:36,370298,Super Rugby Pacific: Brumbies vs Western Force,BUY_YES,0.52,99%,Both news sources report Brumbies winning over Western Force.
2026-05-01 21:36,418997,Cagliari Calcio vs. Udinese Calcio - More Markets,BUY_YES,0.44,100%,No valid reason found
2026-05-01 21:37,389785,Tianjin Jinmen Hu FC vs. Chengdu Rongcheng FC,BUY_NO,0.665,99%,
2026-05-01 22:33,415941,Gunma Crane Thunders vs. Sendai 89ers,YES,0.685,100%,
2026-05-01 22:34,424232,RC Strasbourg Alsace vs. Toulouse FC - Player Props,BUY_NO,0.805,100%,
2026-05-01 22:34,350101,Ghazl El Mahalla SC vs. Ismaily SC - More Markets,BUY_YES,0.175,99%,News and score information is present.
2026-05-01 22:34,353688,El Ittihad SC El Iskandary vs. Petrojet SC - More Markets,BUY_YES,0.175,100%,
2026-05-01 22:35,415934,Yokohama B-Corsairs vs. Brave Thunders,BUY_YES,0.785,83%,There is at-least one news article available for this market.
2026-05-01 22:35,352903,Sparta Rotterdam vs. Go Ahead Eagles - More Markets,BUY_NO,0.745,100%,
2026-05-01 23:34,424233,Paris FC vs. Stade Brestois 29 - Player Props,BUY_YES,0.22,88%,
2026-05-01 23:35,364065,Tala'ea El Gaish SC vs. Ghazl El Mahalla SC - More Markets,BUY_NO,0.635,85%,
2026-05-01 23:35,336257,Chile Primera: Winner,BUY_NO,0.535,100%,Successful extraction of news and scores for Chile Primera
2026-05-01 23:35,389785,Tianjin Jinmen Hu FC vs. Chengdu Rongcheng FC,BUY_NO,0.65,83%,Both news sources are relevant to the match.
2026-05-01 23:36,350733,Sandefjord Fotball vs. Aalesunds FK - More Markets,BUY_NO,0.69,100%,enough information to generate market and news
2026-05-01 23:36,422651,Toulouse FC vs. Olympique Lyonnais - More Markets,BUY_YES,0.125,83%,
2026-05-02 01:17,353724,SC Internacional vs. Fluminense FC - More Markets,BUY_NO,0.82,98%,
2026-05-02 01:18,389785,Tianjin Jinmen Hu FC vs. Chengdu Rongcheng FC,BUY_NO,0.635,99%,Market data available for Tianjin Jinmen Hu FC vs. Chengdu Rongcheng FC on multiple sources
2026-05-02 01:18,352903,Sparta Rotterdam vs. Go Ahead Eagles - More Markets,BUY_NO,0.75,100%,no issues detected
2026-05-02 01:19,354430,FC Midtjylland vs. Viborg FF - More Markets,BUY_YES,0.365,100%,news_found
2026-05-02 01:19,364907,Club Blooming vs. Red Bull Bragantino,BUY_YES,0.23,100%,Both news sources indicate a soccer match between Club Blooming and Red Bull Bragantino is scheduled.
2026-05-02 04:48,418997,Cagliari Calcio vs. Udinese Calcio - More Markets,BUY_YES,0.43,100%,
2026-05-02 04:48,375110,AFC Ajax vs. FC Utrecht,BUY_YES,0.515,95%,valid_data
2026-05-02 06:54,424231,AJ Auxerre vs. Angers SCO - Player Props,BUY_NO,0.8,100%,
2026-05-02 06:54,424711,AS Roma vs. ACF Fiorentina - Player Props,BUY_NO,0.81,88%,
2026-05-02 06:54,426722,SV Werder Bremen vs. FC Augsburg - Player Props,BUY_YES,0.16,100%,
2026-05-02 06:55,427605,Honor of Kings: Deep Cross Gaming vs ANK Gaming (BO7) - Garena Challenger Series Playoffs,BUY_YES,0.725,90%,
2026-05-02 06:55,364065,Tala'ea El Gaish SC vs. Ghazl El Mahalla SC - More Markets,BUY_YES,0.37,100%,no valid reason provided
2026-05-02 08:16,411276,2026 FIFA World Cup: Player to make USA Squad,BUY_YES,0.53,86%,
2026-05-02 08:16,424152,Kasımpaşa SK vs. Kocaelispor - More Markets,BUY_YES,0.19,99%,News articles are available
2026-05-02 08:16,353698,Wadi Degla SC vs. Kahrabaa Ismailia FC - More Markets,BUY_NO,0.72,100%,News contains 2 valid articles
2026-05-02 08:17,393087,Fredrikstad FK vs. Hamarkameratene,"BUY_YES"" if 0.465 > 0.5 else ""SELL_YES",0.465,100%,Predictions available
2026-05-02 08:17,434756,SC Corinthians Paulista vs. CA Platense,BUY_NO,0.545,99%,multiple news sources available
2026-05-02 09:46,426722,SV Werder Bremen vs. FC Augsburg - Player Props,BUY_NO,0.84,99%,Invalid input format
2026-05-02 09:46,424152,Kasımpaşa SK vs. Kocaelispor - More Markets,BUY_NO,0.815,84%,
2026-05-02 09:46,437594,Counter-Strike: M80 vs Incognito (BO3) - Thunderpick World Championship North American Playoffs,BUY_YES,0.73,92%,Data available
2026-05-02 09:47,435360,Who will be featured on Petal?,BUY_YES,0.475,100%,
2026-05-02 10:36,435496,StarCraft II: herO vs trigger (BO3) - RSL Revival Group B,BUY_YES,0.55,99.739764%,
2026-05-02 10:36,393087,Fredrikstad FK vs. Hamarkameratene,BUY_NO,0.535,99%,News available for Market: Fredrikstad FK vs. Hamarkameratene
2026-05-02 11:31,424230,Olympique Lyonnais vs. Stade Rennais FC 1901 - Player Props,BUY_NO,0.79,100%,The provided news object has a valid structure for analysis.
2026-05-02 11:31,424232,RC Strasbourg Alsace vs. Toulouse FC - Player Props,BUY_NO,0.81,100%,Valid data received
2026-05-02 11:32,415613,Torino FC vs. US Sassuolo Calcio - More Markets,BUY_NO,0.84,99.999%,
2026-05-02 11:32,353703,Pharco FC vs. El Mokawloon El Arab SC - More Markets,BUY_NO,0.58,98%,
2026-05-02 11:33,434756,SC Corinthians Paulista vs. CA Platense,,0.545,100%,Scores found
2026-05-02 12:35,411276,2026 FIFA World Cup: Player to make USA Squad,BUY_YES,0.53,95%,Predictions for the final USA squad for the 2026 FIFA World Cup
2026-05-02 12:35,424231,AJ Auxerre vs. Angers SCO - Player Props,BUY_NO,0.79,100%,No issues found
2026-05-02 12:35,370298,Super Rugby Pacific: Brumbies vs Western Force,BUY_YES,0.485,100%,News articles for Brumbies vs Western Force are available.
2026-05-02 13:59,440230,Overwatch: Crazy Raccoon vs Falcons (BO4) - OCS Korea Stage 1 Playoffs,BUY_NO,0.9995,80.92%,Valid news sources provided.
2026-05-02 13:59,411276,2026 FIFA World Cup: Player to make USA Squad,BUY_YES,0.53,85%,
2026-05-02 14:00,424711,AS Roma vs. ACF Fiorentina - Player Props,BUY_NO,0.815,100%,
2026-05-02 14:00,370298,Super Rugby Pacific: Brumbies vs Western Force,BUY_YES,0.48,100%,Available news
2026-05-02 14:00,440735,LoL: T1 vs HANJIN BRION (BO3) - Esports World Cup Korea Qualifier Playoffs,BUY_YES,0.91,90%,No issues with input
2026-05-02 14:01,440423,Guangdong Southern Tigers vs. Guangzhou Loong Lions,BUY_YES,0.56,88%,
2026-05-02 14:01,364907,Club Blooming vs. Red Bull Bragantino,BUY_YES,0.23,90%,no reason
2026-05-02 14:42,424230,Olympique Lyonnais vs. Stade Rennais FC 1901 - Player Props,BUY_NO,0.795,100%,no issues with the given news
2026-05-02 14:42,366798,Premiership Rugby: Gloucester vs Sale Sharks,BUY_YES,0.4,100%,News found for Gloucester vs Sale Sharks match
2026-05-02 14:42,393087,Fredrikstad FK vs. Hamarkameratene,BUY_YES,0.46,100%,Successful API request
2026-05-02 15:30,367486,Modern SC vs. El Ittihad SC El Iskandary - More Markets,BUY_NO,0.63,100%,At least one news article exists
2026-05-02 15:31,364907,Club Blooming vs. Red Bull Bragantino,BUY_YES,0.235,100%,"Both sources indicate that Red Bull Bragantino has a win over Club Blooming in their head-to-head matchup, with a draw also reported."
2026-05-02 15:31,435360,Who will be featured on Petal?,BUY_YES,0.485,98%,There is sufficient news to determine who will be featured on Petal.
2026-05-02 16:30,424230,Olympique Lyonnais vs. Stade Rennais FC 1901 - Player Props,BUY_NO,0.79,99%,"Invalid json schema, assuming a valid input"
2026-05-02 16:30,411276,2026 FIFA World Cup: Player to make USA Squad,BUY_YES,0.53,85%,"Based on Polymarket and social media, the player with the highest predicted probability of making the USA squad for the 2026 FIFA World Cup is Christian Pulisic with a predicted confidence level of 85%"
2026-05-02 16:30,424712,FC Internazionale Milano vs. Parma Calcio 1913 - Player Props,BUY_YES,0.32,100%,Valid data found.
2026-05-02 16:31,435496,StarCraft II: herO vs trigger (BO3) - RSL Revival Group B,BUY_YES,0.565,100%,Valid input provided with market details and news.
2026-05-02 16:31,375110,AFC Ajax vs. FC Utrecht,BUY_YES,0.55,98%,match_found
2026-05-02 17:30,411276,2026 FIFA World Cup: Player to make USA Squad,BUY_YES,0.53,100%,
2026-05-02 17:30,424711,AS Roma vs. ACF Fiorentina - Player Props,BUY_NO,0.815,95%,
2026-05-02 17:31,437239,Counter-Strike: ENCE vs TOOMUCHVIDEOGAMES (BO3) - Elisa Open Suomi Regular Season,BUY_YES,0.5,100%,sufficient data available for ENCE vs TOOMUCHVIDEOGAMES
2026-05-02 17:31,418997,Cagliari Calcio vs. Udinese Calcio - More Markets,BUY_YES,0.42,100%,"Both teams are scheduled to play each other on Saturday, May 9, 2026 at Unipol Domus in the Serie A."
2026-05-02 17:31,375110,AFC Ajax vs. FC Utrecht,BUY_YES,0.515,85%,
2026-05-02 17:32,389785,Tianjin Jinmen Hu FC vs. Chengdu Rongcheng FC,BUY_NO,0.645,85%,multiple valid news sources with prediction
2026-05-02 17:32,395861,PSV vs. FC Twente '65,BUY_YES,0.54,99%,both sources confirm match validity
2026-05-02 18:34,440735,LoL: T1 vs HANJIN BRION (BO3) - Esports World Cup Korea Qualifier Playoffs,BUY_YES,0.905,90%,
2026-05-02 18:34,375110,AFC Ajax vs. FC Utrecht,BUY_YES,0.565,98%,Multiple news sources are available for the market: AFC Ajax vs. FC Utrecht
2026-05-02 18:34,389785,Tianjin Jinmen Hu FC vs. Chengdu Rongcheng FC,BUY_NO,0.65,88%,At least two sources are found.
2026-05-02 18:35,395861,PSV vs. FC Twente '65,BUY_YES,0.54,95%,Input appears to be valid JSON
2026-05-02 18:35,393224,Wuhan San Zhen FC vs. Liaoning Tieren FC,BUY_YES,0.44,100%,
2026-05-02 19:41,424152,Kasımpaşa SK vs. Kocaelispor - More Markets,BUY_NO,0.81,90%,valid news article found in the content
2026-05-02 19:42,435496,StarCraft II: herO vs trigger (BO3) - RSL Revival Group B,BUY_YES,0.515,100%,
2026-05-02 20:09,424712,FC Internazionale Milano vs. Parma Calcio 1913 - Player Props,BUY_YES,0.32,99%,There is a player prop that Inter player can score in four straight Serie A matches.
2026-05-02 20:10,424152,Kasımpaşa SK vs. Kocaelispor - More Markets,BUY_YES,0.195,90%,News found
2026-05-02 20:10,418997,Cagliari Calcio vs. Udinese Calcio - More Markets,BUY_NO,0.58,100%,No issues detected
2026-05-02 20:10,364065,Tala'ea El Gaish SC vs. Ghazl El Mahalla SC - More Markets,BUY_NO,0.63,85%,The team Tala'ea El Gaish SC has a match against Ghazl El Mahalla SC
2026-05-02 21:25,375110,AFC Ajax vs. FC Utrecht,BUY_YES,0.515,99%,market: AFC Ajax vs. FC Utrecht is a scheduled upcoming match
2026-05-02 21:25,336257,Chile Primera: Winner,BUY_YES,0.46,90%,Chile Primera news found
2026-05-02 21:25,434756,SC Corinthians Paulista vs. CA Platense,BUY_YES,0.46,95%,Multiple news sources available
2026-05-02 22:23,440735,LoL: T1 vs HANJIN BRION (BO3) - Esports World Cup Korea Qualifier Playoffs,BUY_YES,0.885,85%,Successful validation
2026-05-02 22:23,350098,National Bank of Egypt Club vs. Modern SC - More Markets,BUY_YES,0.07,88%,
2026-05-02 22:23,367493,El Mokawloon El Arab SC vs. El Gouna SC - More Markets,BUY_YES,0.365,100%,
2026-05-02 22:23,434724,Mobile Legends Bang Bang: Team Spirit vs Team Yandex (BO3) - MLBB Continental Championships Regular Season,BUY_YES,0.875,99%,Odds available for Mobile Legends Bang Bang: Team Spirit vs Team Yandex (BO3) - MLBB Continental Championships Regular Season
2026-05-02 23:26,411276,2026 FIFA World Cup: Player to make USA Squad,BUY_YES,0.53,85%,
2026-05-02 23:26,424231,AJ Auxerre vs. Angers SCO - Player Props,BUY_NO,0.8,100%,News available for the specified date and teams.
2026-05-02 23:26,440735,LoL: T1 vs HANJIN BRION (BO3) - Esports World Cup Korea Qualifier Playoffs,BUY_YES,0.895,100%,Valid news found
2026-05-02 23:26,418997,Cagliari Calcio vs. Udinese Calcio - More Markets,BUY_NO,0.58,100%,
2026-05-02 23:27,434724,Mobile Legends Bang Bang: Team Spirit vs Team Yandex (BO3) - MLBB Continental Championships Regular Season,BUY_YES,0.87,99%,
2026-05-03 01:21,371795,Portland Timbers vs. Sporting Kansas City,BUY_YES,0.635,100%,
2026-05-03 01:21,424231,AJ Auxerre vs. Angers SCO - Player Props,BUY_NO,0.8,100%,
2026-05-03 01:21,367486,Modern SC vs. El Ittihad SC El Iskandary - More Markets,BUY_NO,0.63,100%,
2026-05-03 01:21,440735,LoL: T1 vs HANJIN BRION (BO3) - Esports World Cup Korea Qualifier Playoffs,BUY_YES,0.895,98%,
2026-05-03 01:22,367493,El Mokawloon El Arab SC vs. El Gouna SC - More Markets,BUY_NO,0.635,100%,sufficient_data
2026-05-03 01:22,434756,SC Corinthians Paulista vs. CA Platense,BUY_YES,0.455,100%,At least one news article found.
2026-05-03 01:22,434725,Mobile Legends Bang Bang: Virtus.pro vs Cyber Hero (BO3) - MLBB Continental Championships Regular Season,BUY_YES,0.67,100%,
2026-05-03 05:04,424711,AS Roma vs. ACF Fiorentina - Player Props,NO,0.815,100%,
2026-05-03 05:05,417990,"UFC Fight Night: Nicolle Caliari vs. Shauna Bannon (Women's Strawweight, Prelims)",BUY_YES,0.51,99%,Successful data processing
2026-05-03 07:33,440735,LoL: T1 vs HANJIN BRION (BO3) - Esports World Cup Korea Qualifier Playoffs,BUY_YES,0.895,90%,
2026-05-03 07:33,389785,Tianjin Jinmen Hu FC vs. Chengdu Rongcheng FC,BUY_YES,0.32,99%,At least two valid news sources
2026-05-03 07:33,393087,Fredrikstad FK vs. Hamarkameratene,BUY_YES,0.405,100%,No information found.
2026-05-03 09:08,431027,KBO: Kiwoom Heroes vs. Samsung Lions,BUY_YES,0.575,90%,news available
2026-05-03 09:09,367490,Kahrabaa Ismailia FC vs. Pharco FC - More Markets,NO,0.685,100%,No errors found in the given data
2026-05-03 09:10,370282,Premiership Rugby: Leicester Tigers vs Northampton Saints,SELL_NO,0.755,100%,
2026-05-03 09:10,418992,SS Lazio vs. FC Internazionale Milano - More Markets,SELL_NO,0.865,99%,No reason
2026-05-03 09:10,366798,Premiership Rugby: Gloucester vs Sale Sharks,BUY_YES,0.415,100%,
2026-05-03 09:10,435018,What will the Ethereum implied volatility Index hit by May 31?,BUY_YES,0.43,100%,No date provided for prediction
2026-05-03 10:36,370282,Premiership Rugby: Leicester Tigers vs Northampton Saints,SELL_NO,0.775,99%,"Market and news provided, however, no betting odds found. Assuming the most recent news is the best, the most recent score is 0.99861145 in favor of Leicester Tigers."
2026-05-03 10:37,418992,SS Lazio vs. FC Internazionale Milano - More Markets,SELL_NO,0.905,90%,Lazio vs. FC Internazionale Milano has a valid market
2026-05-03 10:37,375110,AFC Ajax vs. FC Utrecht,BUY_YES,0.515,100%,No errors found.
2026-05-03 10:37,389785,Tianjin Jinmen Hu FC vs. Chengdu Rongcheng FC,BUY_NO,0.675,100%,Multiple news sources with score
2026-05-03 10:37,393224,Wuhan San Zhen FC vs. Liaoning Tieren FC,BUY_YES,0.405,100%,
2026-05-03 11:27,371788,Seattle Sounders FC vs. San Diego FC,BUY_YES,0.55,100%,
2026-05-03 11:27,375110,AFC Ajax vs. FC Utrecht,BUY_YES,0.515,100%,Sofascore has a slightly higher confidence in the result.
2026-05-03 12:35,389785,Tianjin Jinmen Hu FC vs. Chengdu Rongcheng FC,BUY_NO,0.685,98%,Match data is available
2026-05-03 12:36,393087,Fredrikstad FK vs. Hamarkameratene,BUY_NO,0.595,100%,
2026-05-03 12:36,400969,Al Ittihad Saudi Club vs. Al Kholood Saudi Club - More Markets,BUY_YES,0.41,100%,
2026-05-03 12:36,395861,PSV vs. FC Twente '65,BUY_YES,0.54,99%,
2026-05-03 12:36,399801,Inter Miami CF vs. Portland Timbers,BUY_YES,0.465,100%,
2026-05-03 13:58,371788,Seattle Sounders FC vs. San Diego FC,BUY_YES,0.55,100%,
2026-05-03 13:59,370282,Premiership Rugby: Leicester Tigers vs Northampton Saints,BUY_NO,0.805,100%,Success
2026-05-03 13:59,389176,Alix Earle on Call Her Daddy by December 31?,BUY_NO,0.805,100%,
2026-05-03 13:59,434756,SC Corinthians Paulista vs. CA Platense,BUY_YES,0.45,100%,
2026-05-03 14:00,375379,Rosenborg BK vs. Lillestrøm SK - More Markets,BUY_YES,0.53,100%,Success
2026-05-03 14:44,371795,Portland Timbers vs. Sporting Kansas City,BUY_YES,0.62,90%,News articles are available for the market: Portland Timbers vs. Sporting Kansas City
2026-05-03 14:45,417990,"UFC Fight Night: Nicolle Caliari vs. Shauna Bannon (Women's Strawweight, Prelims)",BUY_YES,0.51,100%,Valid market information provided.
2026-05-03 14:45,418992,SS Lazio vs. FC Internazionale Milano - More Markets,BUY_NO,0.905,97%,
2026-05-03 15:29,371788,Seattle Sounders FC vs. San Diego FC,BUY_YES,0.55,100%,Valid news sources found for the match between Seattle Sounders FC and San Diego FC
2026-05-03 15:29,375110,AFC Ajax vs. FC Utrecht,BUY_YES,0.545,95%,
2026-05-03 16:29,370298,Super Rugby Pacific: Brumbies vs Western Force,BUY_YES,0.505,100%,Super Rugby Pacific: Brumbies defeat Western Force 56-24
2026-05-03 16:30,377427,Fortuna Sittard vs. PEC Zwolle - More Markets,BUY_NO,0.71,100%,Sufficient news articles found
2026-05-03 16:30,375379,Rosenborg BK vs. Lillestrøm SK - More Markets,BUY_YES,0.53,95%,
2026-05-03 17:33,371788,Seattle Sounders FC vs. San Diego FC,BUY_YES,0.55,100%,Latest news and live score for Seattle Sounders FC vs. San Diego FC available.
2026-05-03 17:33,417990,"UFC Fight Night: Nicolle Caliari vs. Shauna Bannon (Women's Strawweight, Prelims)",BUY_YES,0.51,100%,
2026-05-03 17:33,353703,Pharco FC vs. El Mokawloon El Arab SC - More Markets,BUY_NO,0.575,90%,
2026-05-03 17:33,439132,"What will Coinbase Global, Inc. (COIN) hit Week of May 4 2026?",BUY_YES,0.475,99%,"$192.50, $197.50, $195"
2026-05-03 17:34,445153,Sydney FC vs. Newcastle United Jets FC - More Markets,BUY_YES,0.455,100%,sufficient_market_data
2026-05-03 18:37,418997,Cagliari Calcio vs. Udinese Calcio - More Markets,BUY_YES,0.42,99%,Both sources indicate a 99.89% confidence of a draw
2026-05-03 18:37,367490,Kahrabaa Ismailia FC vs. Pharco FC - More Markets,BUY_NO,0.73,83%,
2026-05-03 18:37,439132,"What will Coinbase Global, Inc. (COIN) hit Week of May 4 2026?",BUY_YES,0.48,90%,Predictions are consistent and both predict a growth of over 2%
2026-05-03 18:38,377418,Telstar 1963 vs. Heracles Almelo - More Markets,BUY_YES,0.475,100%,Odds for both teams are available
2026-05-03 19:41,371795,Portland Timbers vs. Sporting Kansas City,BUY_YES,0.625,85%,
2026-05-03 19:41,367486,Modern SC vs. El Ittihad SC El Iskandary - More Markets,BUY_NO,0.675,100%,
2026-05-03 19:41,415613,Torino FC vs. US Sassuolo Calcio - More Markets,SELL_YES,0.175,100%,
2026-05-03 19:41,353688,El Ittihad SC El Iskandary vs. Petrojet SC - More Markets,SELL_YES,0.165,100%,
2026-05-03 19:41,367493,El Mokawloon El Arab SC vs. El Gouna SC - More Markets,BUY_NO,0.675,95%,
2026-05-03 19:41,370282,Premiership Rugby: Leicester Tigers vs Northampton Saints,BUY_YES,0.445,100%,No issues found
2026-05-03 20:25,374011,Premiership Rugby: Exeter Chiefs vs Bath,BUY_NO,0.585,100%,No issue with the provided JSON schema
2026-05-03 20:25,377422,AFC Ajax vs. FC Utrecht - More Markets,BUY_NO,0.66,100%,
2026-05-03 21:26,371795,Portland Timbers vs. Sporting Kansas City,BUY_YES,0.625,100%,Successful API request
2026-05-03 21:26,418997,Cagliari Calcio vs. Udinese Calcio - More Markets,BUY_YES,0.425,100%,no reason provided
2026-05-03 21:26,364065,Tala'ea El Gaish SC vs. Ghazl El Mahalla SC - More Markets,BUY_NO,0.775,99%,
2026-05-03 21:26,367493,El Mokawloon El Arab SC vs. El Gouna SC - More Markets,BUY_NO,0.68,90%,Successful parsing of input
2026-05-03 22:24,371795,Portland Timbers vs. Sporting Kansas City,BUY_YES,0.625,100%,
2026-05-03 22:24,374011,Premiership Rugby: Exeter Chiefs vs Bath,BUY_NO,0.595,100%,Both Exeter Chiefs vs Bath news articles have a recognized score.
2026-05-03 22:25,434756,SC Corinthians Paulista vs. CA Platense,BUY_YES,0.455,100%,News list is not empty
2026-05-03 22:25,377425,FC Twente '65 vs. Sparta Rotterdam - More Markets,BUY_YES,0.485,83%,
2026-05-03 23:28,417990,"UFC Fight Night: Nicolle Caliari vs. Shauna Bannon (Women's Strawweight, Prelims)",BUY_YES,0.515,100%,News available for UFC Fight Night: Nicolle Caliari vs. Shauna Bannon
2026-05-03 23:28,417990,"UFC Fight Night: Nicolle Caliari vs. Shauna Bannon (Women's Strawweight, Prelims)",BUY_YES,0.515,100%,The event details are available for UFC Fight Night: Nicolle Caliari vs. Shauna Bannon.
2026-05-03 23:29,374011,Premiership Rugby: Exeter Chiefs vs Bath,BUY_YES,0.4,100%,Two or more news items found for the Premiership Rugby: Exeter Chiefs vs Bath
2026-05-03 23:29,377422,AFC Ajax vs. FC Utrecht - More Markets,BUY_YES,0.34,100%,
2026-05-03 23:29,434756,SC Corinthians Paulista vs. CA Platense,BUY_YES,0.46,99%,multiple news articles from different sources available
2026-05-04 01:21,367486,Modern SC vs. El Ittihad SC El Iskandary - More Markets,BUY_YES,0.385,100%,Insufficient data.
2026-05-04 01:21,374011,Premiership Rugby: Exeter Chiefs vs Bath,BUY_YES,0.505,98%,Multiple articles about Exeter Chiefs vs Bath available
2026-05-04 01:22,377428,NAC Breda vs. SC Heerenveen - More Markets,BUY_YES,0.19,100%,sufficient information available
2026-05-04 05:06,374011,Premiership Rugby: Exeter Chiefs vs Bath,BUY_YES,0.49,87%,Multiple news sources confirm Bath Rugby 33-26 Exeter Chiefs result
2026-05-04 05:06,375361,KFUM-Kameratene Oslo vs. Viking FK - More Markets,BUY_YES,0.36,100%,Data available
2026-05-04 05:07,377425,FC Twente '65 vs. Sparta Rotterdam - More Markets,BUY_YES,0.49,100%,Valid JSON received
2026-05-04 08:09,371788,Seattle Sounders FC vs. San Diego FC,BUY_YES,0.545,85%,
2026-05-04 08:09,417990,"UFC Fight Night: Nicolle Caliari vs. Shauna Bannon (Women's Strawweight, Prelims)",BUY_YES,0.515,92%,
2026-05-04 08:09,389785,Tianjin Jinmen Hu FC vs. Chengdu Rongcheng FC,BUY_YES,0.315,100%,Market and News are both provided
2026-05-04 10:36,371795,Portland Timbers vs. Sporting Kansas City,BUY_YES,0.625,100%,Match details found
2026-05-04 10:36,364907,Club Blooming vs. Red Bull Bragantino,BUY_NO,0.78,100%,
2026-05-04 10:37,375373,Sandefjord Fotball vs. Kristiansund BK - More Markets,BUY_NO,0.585,100%,Valid input
2026-05-04 10:37,368808,Chengdu Rongcheng FC vs. Henan FC,BUY_YES,0.52,100%,Market and news data successfully processed
2026-05-04 12:14,367486,Modern SC vs. El Ittihad SC El Iskandary - More Markets,BUY_MAYBE,0.67,90%,Sufficient news sources available for the market
2026-05-04 12:14,417990,"UFC Fight Night: Nicolle Caliari vs. Shauna Bannon (Women's Strawweight, Prelims)",BUY_YES,0.51,99%,News available with score greater than 0.6
2026-05-04 12:14,367493,El Mokawloon El Arab SC vs. El Gouna SC - More Markets,BUY_MAYBE,0.67,90%,Both AI Score and FotMob have recent match history data for the teams.
2026-05-04 12:14,389785,Tianjin Jinmen Hu FC vs. Chengdu Rongcheng FC,BUY_NO,0.665,100%,Multiple reliable sources confirm the score 0.9997527 and 0.99963164
2026-05-04 12:15,375361,KFUM-Kameratene Oslo vs. Viking FK - More Markets,BUY_YES,0.36,100%,valid inputs provided
2026-05-04 14:57,377425,FC Twente '65 vs. Sparta Rotterdam - More Markets,BUY_YES,0.485,98%,
2026-05-04 16:26,367490,Kahrabaa Ismailia FC vs. Pharco FC - More Markets,BUY_NO,0.685,99%,News available with scores.
2026-05-04 16:26,370282,Premiership Rugby: Leicester Tigers vs Northampton Saints,BUY_YES,0.51,99%,no inconsistencies found
2026-05-04 16:26,434756,SC Corinthians Paulista vs. CA Platense,BUY_YES,0.455,100%,
2026-05-04 16:27,395861,PSV vs. FC Twente '65,BUY_NO,0.54,100%,Found two valid news items for PSV vs. FC Twente '65
2026-05-04 16:27,399801,Inter Miami CF vs. Portland Timbers,BUY_NO,0.595,100%,Valid JSON provided
2026-05-04 18:07,371788,Seattle Sounders FC vs. San Diego FC,BUY_YES,0.545,100%,The score is available for both teams.
2026-05-04 18:07,377422,AFC Ajax vs. FC Utrecht - More Markets,BUY_NO,0.65,98%,
2026-05-04 18:08,434756,SC Corinthians Paulista vs. CA Platense,BUY_YES,0.455,99%,
2026-05-04 20:07,371788,Seattle Sounders FC vs. San Diego FC,BUY_YES,0.545,88%,
2026-05-04 20:07,371795,Portland Timbers vs. Sporting Kansas City,BUY_YES,0.625,99%,Successful prediction of the market: Portland Timbers vs. Sporting Kansas City
2026-05-04 20:07,367490,Kahrabaa Ismailia FC vs. Pharco FC - More Markets,BUY_NO,0.815,97%,
2026-05-04 20:07,389785,Tianjin Jinmen Hu FC vs. Chengdu Rongcheng FC,BUY_NO,0.71,100%,Scores match within a reasonable tolerance of 0.001
2026-05-04 21:45,371795,Portland Timbers vs. Sporting Kansas City,BUY_YES,0.625,90%,News available for the market: Portland Timbers vs. Sporting Kansas City
2026-05-04 21:45,367493,El Mokawloon El Arab SC vs. El Gouna SC - More Markets,BUY_YES,0.2,100%,
2026-05-04 21:46,424074,TSV Fortuna 95 Düsseldorf vs. SV 07 Elversberg - More Markets,BUY_YES,0.145,95%,No relevant news found
2026-05-04 22:40,371788,Seattle Sounders FC vs. San Diego FC,BUY_YES,0.55,100%,"Market is valid, news is available"
2026-05-04 22:40,428299,MLS: Whitecaps to announce relocation by the end of 2026?,BUY_NO,0.54,100%,News articles provide strong evidence that relocation is under consideration.
2026-05-04 22:40,370282,Premiership Rugby: Leicester Tigers vs Northampton Saints,BUY_YES,0.33,100%,Leicester Tigers vs Northampton Saints have a result available on tntsports.co.uk and premiershiprugby.com
2026-05-04 22:40,389785,Tianjin Jinmen Hu FC vs. Chengdu Rongcheng FC,BUY_YES,0.325,100%,Valid match news found
2026-05-04 22:41,377422,AFC Ajax vs. FC Utrecht - More Markets,BUY_YES,0.35,94%,
2026-05-04 23:32,371788,Seattle Sounders FC vs. San Diego FC,BUY_YES,0.55,100%,Match found
2026-05-04 23:32,371795,Portland Timbers vs. Sporting Kansas City,BUY_YES,0.625,100%,No reason provided
2026-05-04 23:32,422642,Hamburger SV vs. SC Freiburg - More Markets,BUY_YES,0.17,85%,
2026-05-04 23:33,395861,PSV vs. FC Twente '65,BUY_YES,0.495,100%,At least one news article found.
2026-05-05 01:18,449048,Ohio Governor Republican Primary: Margin of Victory,BUY_YES,0.33,100%,JSON schema validation passed
2026-05-05 01:18,367493,El Mokawloon El Arab SC vs. El Gouna SC - More Markets,BUY_YES,0.19,100%,News articles retrieved successfully
2026-05-05 01:19,377425,FC Twente '65 vs. Sparta Rotterdam - More Markets,BUY_YES,0.49,100%,
2026-05-05 01:19,368808,Chengdu Rongcheng FC vs. Henan FC,BUY_YES,0.555,90%,Match data available
2026-05-05 04:49,371795,Portland Timbers vs. Sporting Kansas City,BUY_YES,0.625,100%,
2026-05-05 04:50,370282,Premiership Rugby: Leicester Tigers vs Northampton Saints,BUY_NO,0.73,95%,Match news found
2026-05-05 04:50,389176,Alix Earle on Call Her Daddy by December 31?,BUY_NO,0.67,100%,News articles are available
2026-05-05 04:51,395861,PSV vs. FC Twente '65,BUY_YES,0.47,99%,Multiple sources confirm the event.
2026-05-05 07:10,447626,StarCraft II: SHIN vs Zoun (BO3) - Global StarCraft II League Group Stage 2 - Group B,BUY_YES,0.525,99%,Successful market parsing
2026-05-05 07:11,377428,NAC Breda vs. SC Heerenveen - More Markets,BUY_YES,0.195,99%,
2026-05-05 09:33,447626,StarCraft II: SHIN vs Zoun (BO3) - Global StarCraft II League Group Stage 2 - Group B,BUY_YES,0.54,100%,
2026-05-05 09:34,367490,Kahrabaa Ismailia FC vs. Pharco FC - More Markets,BUY_YES,0.11,88%,
2026-05-05 09:34,447620,StarCraft II: Classic vs Cure (BO3) - Global StarCraft II League Group Stage 2 - Group A,BUY_YES,0.53,99%,
2026-05-05 09:34,389176,Alix Earle on Call Her Daddy by December 31?,BUY_NO,0.67,1000%,
2026-05-05 09:34,377422,AFC Ajax vs. FC Utrecht - More Markets,BUY_NO,0.645,100%,Data exists
2026-05-05 09:34,424075,Hertha BSC vs. SpVgg Greuther Fürth - More Markets,BUY_YES,0.3,99%,
2026-05-05 09:34,377428,NAC Breda vs. SC Heerenveen - More Markets,BUY_YES,0.195,100%,Both news sources have a score
2026-05-05 09:35,368808,Chengdu Rongcheng FC vs. Henan FC,BUY_YES,0.57,84.6159%,
2026-05-05 11:07,450701,Beijing Ducks vs. Guangdong Southern Tigers,BUY_YES,0.69,100%,All news sources available for the match
2026-05-05 11:08,435018,What will the Ethereum implied volatility Index hit by May 31?,DECIDE_YES,0.41,99.999214%,Historical data used to calculate prediction
2026-05-05 12:54,435018,What will the Ethereum implied volatility Index hit by May 31?,BUY_YES,0.405,100%,Market prediction exists
2026-05-05 12:55,441194,Atlanta Braves vs. Los Angeles Dodgers,BUY_YES,0.52,98%,No conflicting information found
2026-05-05 12:55,447326,Counter-Strike: Project 91 vs tincan (BO1) - ESEA Advanced Europe Regular Season,BUY_YES,0.5,88%,
2026-05-05 16:21,447626,StarCraft II: SHIN vs Zoun (BO3) - Global StarCraft II League Group Stage 2 - Group B,BUY_YES,0.55,100%,Market and News are provided
2026-05-05 16:21,417990,"UFC Fight Night: Nicolle Caliari vs. Shauna Bannon (Women's Strawweight, Prelims)",BUY_YES,0.51,99%,
2026-05-05 16:21,450090,Mobile Legends Bang Bang: Team Liquid PH vs TNC Pro Team (BO3) - MPL Philippines Regular Season,BUY_YES,0.85,100%,News found for mobile legends team liquid ph vs tnc pro team
2026-05-05 16:22,371745,Sarpsborg 08 FF vs. Fredrikstad FK - More Markets,BUY_YES,0.115,95%,Enough news found
2026-05-05 16:22,375482,Silkeborg IF vs. FC København - More Markets,BUY_YES,0.08,100%,Valid input provided
2026-05-05 16:22,424074,TSV Fortuna 95 Düsseldorf vs. SV 07 Elversberg - More Markets,BUY_YES,0.125,100%,Valid input for market and news information
2026-05-05 16:22,377425,FC Twente '65 vs. Sparta Rotterdam - More Markets,BUY_YES,0.485,85%,News available
2026-05-05 16:22,447884,Atlanta Braves vs. Los Angeles Dodgers,BUY_YES,0.47,90%,"The teams are scheduled to play on May 9, 2026."
2026-05-05 16:23,421042,FC Viktoria Plzeň vs. FC Slovan Liberec,BUY_YES,0.63,95%,
2026-05-05 18:05,447626,StarCraft II: SHIN vs Zoun (BO3) - Global StarCraft II League Group Stage 2 - Group B,BUY_YES,0.55,100%,Matches found
2026-05-05 18:05,417990,"UFC Fight Night: Nicolle Caliari vs. Shauna Bannon (Women's Strawweight, Prelims)",BUY_YES,0.51,85%,Market and News data available
2026-05-05 18:06,449413,"Who will be featured on ""You Seem Pretty Sad for a Girl So in Love""?",BUY_YES,0.43,100%,Multiple news sources confirm 'You Seem Pretty Sad for a Girl So in Love' features 13 tracks
2026-05-05 18:06,377418,Telstar 1963 vs. Heracles Almelo - More Markets,BUY_YES,0.505,94%,Both news sources have a high score.
2026-05-05 18:06,399801,Inter Miami CF vs. Portland Timbers,BUY_YES,0.455,99%,news is available with score
2026-05-05 18:06,441194,Atlanta Braves vs. Los Angeles Dodgers,BUY_YES,0.55,100%,News for both Atlanta Braves and Los Angeles Dodgers teams are available.
2026-05-05 18:07,378224,SC Corinthians Paulista vs. São Paulo FC - More Markets,BUY_YES,0.38,100%,
2026-05-05 20:03,450689,Real Madrid vs. CB Breogan Lugo,BUY_YES,0.505,96%,
2026-05-05 20:03,447626,StarCraft II: SHIN vs Zoun (BO3) - Global StarCraft II League Group Stage 2 - Group B,BUY_YES,0.55,99%,
2026-05-05 20:03,447620,StarCraft II: Classic vs Cure (BO3) - Global StarCraft II League Group Stage 2 - Group A,BUY_YES,0.58,97%,
2026-05-05 20:03,450090,Mobile Legends Bang Bang: Team Liquid PH vs TNC Pro Team (BO3) - MPL Philippines Regular Season,BUY_YES,0.845,100%,
2026-05-05 20:04,393087,Fredrikstad FK vs. Hamarkameratene,BUY_YES,0.42,95%,Upcoming match found
2026-05-05 20:04,449413,"Who will be featured on ""You Seem Pretty Sad for a Girl So in Love""?",BUY_NO,0.57,100%,Information available
2026-05-05 20:04,447884,Atlanta Braves vs. Los Angeles Dodgers,BUY_YES,0.47,100%,No issue found
2026-05-05 20:04,451333,Dota 2: L1ga Team vs Nigma Galaxy (BO3) - 1win Essence Group B,BUY_YES,0.295,95%,News article found
2026-05-05 20:04,447326,Counter-Strike: Project 91 vs tincan (BO1) - ESEA Advanced Europe Regular Season,BUY_YES,0.5,100%,Enough news articles found
2026-05-05 20:05,385710,FC Cincinnati vs. Inter Miami CF,BUY_YES,0.34,100%,The market: FC Cincinnati vs. Inter Miami CF is valid.
2026-05-05 21:04,450689,Real Madrid vs. CB Breogan Lugo,BUY_YES,0.505,96%,Match information available
2026-05-05 21:05,447620,StarCraft II: Classic vs Cure (BO3) - Global StarCraft II League Group Stage 2 - Group A,BUY_YES,0.605,100%,News available
2026-05-05 21:05,450090,Mobile Legends Bang Bang: Team Liquid PH vs TNC Pro Team (BO3) - MPL Philippines Regular Season,BUY_YES,0.85,100%,Market and News data are available
2026-05-05 21:05,377418,Telstar 1963 vs. Heracles Almelo - More Markets,BUY_YES,0.505,85%,
2026-05-05 21:05,371745,Sarpsborg 08 FF vs. Fredrikstad FK - More Markets,BUY_YES,0.115,100%,Valid JSON input received
2026-05-05 21:06,399801,Inter Miami CF vs. Portland Timbers,BUY_YES,0.44,100%,
2026-05-05 21:06,393224,Wuhan San Zhen FC vs. Liaoning Tieren FC,BUY_YES,0.465,100%,
2026-05-05 22:38,447627,StarCraft II: herO vs ByuN (BO3) - Global StarCraft II League Group Stage 2 - Group B,BUY_NO,0.5,100%,
2026-05-05 22:38,417990,"UFC Fight Night: Nicolle Caliari vs. Shauna Bannon (Women's Strawweight, Prelims)",BUY_YES,0.515,85%,
2026-05-05 22:38,450090,Mobile Legends Bang Bang: Team Liquid PH vs TNC Pro Team (BO3) - MPL Philippines Regular Season,BUY_YES,0.85,100%,Team Liquid PH vs TNC Pro Team match result available
2026-05-05 22:39,377422,AFC Ajax vs. FC Utrecht - More Markets,BUY_NO,0.645,90%,Both news articles mention the match AFC Ajax vs FC Utrecht
2026-05-05 22:39,434756,SC Corinthians Paulista vs. CA Platense,BUY_YES,0.455,99%,valid input
2026-05-05 22:39,377428,NAC Breda vs. SC Heerenveen - More Markets,BUY_NO,0.82,100%,
2026-05-05 22:39,395861,PSV vs. FC Twente '65,BUY_YES,0.455,100%,
2026-05-05 23:31,447627,StarCraft II: herO vs ByuN (BO3) - Global StarCraft II League Group Stage 2 - Group B,p_YES,0.505,100%,News articles extracted successfully
2026-05-05 23:32,417990,"UFC Fight Night: Nicolle Caliari vs. Shauna Bannon (Women's Strawweight, Prelims)",p_YES,0.515,92%,
2026-05-05 23:32,447620,StarCraft II: Classic vs Cure (BO3) - Global StarCraft II League Group Stage 2 - Group A,p_YES,0.605,100%,Multiple news sources available
2026-05-05 23:32,389176,Alix Earle on Call Her Daddy by December 31?,BUY_NO,0.67,95%,News item with Alix Earle on Call Her Daddy before December 31 found.
2026-05-05 23:32,420218,Holstein Kiel vs. 1. FC Magdeburg - More Markets,BUY_YES,0.14,85%,
2026-06-01 12:27,539188,Will Amazon (AMZN) finish week of June 1 above___?,BUY_YES,0.615,99%,Market data and news sources indicate a high probability of Amazon finishing above the specified price.
2026-06-01 12:27,540041,Test Series India vs Afghanistan: India vs Afghanistan,BUY_YES,0.845,100%,Valid input provided
2026-06-01 12:27,547599,ITF Caltanissetta: Jay Clarke vs Iannis Miletich,BUY_YES,0.895,95%,
2026-06-01 12:27,518949,Washington Mystics vs. Atlanta Dream,BUY_YES,0.41,99%,
2026-06-01 21:56,466754,Georgia vs. Romania - Exact Score,BUY_YES,0.0645,100%,
2026-06-01 23:20,549415,Roland Garros WTA: Aryna Sabalenka vs Diana Shnaider,BUY_YES,0.87,100%,
2026-06-01 23:21,518949,Washington Mystics vs. Atlanta Dream,BUY_YES,0.41,90%,
2026-06-02 02:03,547953,Call of Duty: G2 Minnesota vs Boston Breach (BO5) - Call of Duty League Stage 4 Minor Playoffs,BUY_YES,0.7,100%,
2026-06-02 02:03,507830,Romania vs. Wales,BUY_YES,0.525,98%,
2026-06-02 02:04,518944,Golden State Valkyries vs. Las Vegas Aces,BUY_NO,0.615,83%,Valkyries lose to Aces by 10 points
2026-06-02 02:04,537931,Athletics vs. Chicago Cubs,BUY_YES,0.415,100%,News feed available and can be processed
2026-06-02 07:11,482636,Premier League Lacrosse: 2026 Champion,BUY_YES,0.24,100%,
2026-06-02 07:11,518936,Seattle Storm vs. Minnesota Lynx,BUY_YES,0.45,94%,
2026-06-02 07:11,547953,Call of Duty: G2 Minnesota vs Boston Breach (BO5) - Call of Duty League Stage 4 Minor Playoffs,BUY_YES,0.705,95%,Valid data found
2026-06-02 11:53,551099,ITF Cuiaba: Wilson Leite vs Nick Hardt,BUY_NO,0.885,100%,
2026-06-02 11:53,547953,Call of Duty: G2 Minnesota vs Boston Breach (BO5) - Call of Duty League Stage 4 Minor Playoffs,BUY_YES,0.705,100%,
2026-06-02 11:53,510390,South Africa vs. Korea Republic - More Markets,BUY_NO,0.92,100%,JSON object valid
2026-06-02 15:50,482636,Premier League Lacrosse: 2026 Champion,BUY_NO,0.76,100%,Valid input
2026-06-02 15:50,547953,Call of Duty: G2 Minnesota vs Boston Breach (BO5) - Call of Duty League Stage 4 Minor Playoffs,BUY_YES,0.705,100%,Match found.
2026-06-02 15:50,537931,Athletics vs. Chicago Cubs,BUY_YES,0.415,85%,Valid news
2026-06-02 19:36,552019,"T20 ACC Premier Cup, Women: Indonesia vs Singapore",BUY_YES,0.825,99%,
2026-06-03 00:17,552019,"T20 ACC Premier Cup, Women: Indonesia vs Singapore",BUY_YES,0.83,100%,No errors
2026-06-03 00:17,547953,Call of Duty: G2 Minnesota vs Boston Breach (BO5) - Call of Duty League Stage 4 Minor Playoffs,BUY_YES,0.725,99%,multiple online sources available
2026-06-03 05:32,482636,Premier League Lacrosse: 2026 Champion,BUY_NO,0.76,90%,Premier League Lacrosse news articles found
2026-06-03 05:32,336234,Colombia Primera A: Winner,BUY_NO,0.69,100%,No confidence in the winner from the source
2026-06-03 10:26,554263,Counter-Strike: Arch vs Wingman (BO3) - ESEA Advanced Europe Playoffs,BUY_YES,0.58,81%,
2026-06-03 10:26,518949,Washington Mystics vs. Atlanta Dream,BUY_NO,0.605,90%,Market and News provided for the Washington Mystics vs Atlanta Dream
2026-06-03 19:36,428299,MLS: Whitecaps to announce relocation by the end of 2026?,BUY_NO,0.555,84%,
2026-06-03 22:17,556513,Tyler: Braden Shick vs Aidan Mayo,BUY_YES,0.71,100%,Multiple match sources available
2026-06-03 22:18,556517,Foggia: Chloe Paquet vs Darya Astakhova,BUY_YES,0.5,100%,
2026-06-03 22:18,556519,ITF Wuning: Patcharin Cheapchandej vs Yujia Huang,BUY_YES,0.5,98%,
2026-06-03 22:18,556520,Birmingham (Doubles): Reynolds/Watt vs Chandrasekar/Yuzuki,BUY_YES,0.57,98%,
2026-06-03 22:19,556534,Tyler: Adam Walton vs Andres Martin,BUY_YES,0.5,100%,Valid input
2026-06-03 22:19,556539,Tyler: Hayato Matsuoka vs Henry Searle,BUY_YES,0.51,90%,Match already played: Hayato Matsuoka wins the match 6-4 6-4
2026-06-03 22:19,556541,ITF Wuning: Yufei Ren vs Yanan Hou,BUY_NO,0.525,90%,Available
2026-06-03 22:19,556549,ITF Focsani: Simona Ogescu vs Alexia-Shara Iancu,BUY_YES,0.45,100%,Available match information
2026-06-03 22:19,556553,ITF Focsani: Diana-Ioana Simionescu vs Alexia Lavinia Puiac,BUY_YES,0.5,85%,match exists in the news
2026-06-04 05:28,548543,Liaoning Tieren FC vs. Shandong Taishan FC - More Markets,BUY_NO,0.73,97%,Both market and news sources confirm the match between Liaoning Tieren FC and Shandong Taishan FC.
2026-06-04 05:28,518936,Seattle Storm vs. Minnesota Lynx,BUY_NO,0.575,98%,Game between Seattle Storm and Minnesota Lynx already played.
2026-06-04 05:28,518944,Golden State Valkyries vs. Las Vegas Aces,BUY_YES,0.395,83%,
2026-06-04 05:28,542429,Liaoning Tieren FC vs. Shandong Taishan FC,BUY_YES,0.36,85%,Successful market check for Liaoning Tieren FC vs. Shandong Taishan FC
2026-06-04 09:36,428299,MLS: Whitecaps to announce relocation by the end of 2026?,BUY_YES,0.455,99%,The news suggests that the Whitecaps' relocation might be announced by the end of 2026.
2026-06-04 09:36,548543,Liaoning Tieren FC vs. Shandong Taishan FC - More Markets,BUY_NO,0.74,100%,
2026-06-04 09:36,555368,What will the median home value in Miami be on June 30?,BUY_YES,0.245,90%,Recent data suggests a slight decrease and increase of median home value in Miami
2026-06-04 16:05,428299,MLS: Whitecaps to announce relocation by the end of 2026?,BUY_YES,0.445,100%,Market indicates high confidence in Whitecaps relocation announcement by the end of 2026
2026-06-04 21:17,428299,MLS: Whitecaps to announce relocation by the end of 2026?,BUY_YES,0.435,88%,Multiple articles discussing MLS Whitecaps stadium situation and potential relocation.
2026-06-04 22:56,538983,Qingdao Hainiu FC vs. Yunnan Yukun FC - Halftime Result,BUY_YES,0.47,100%,
2026-06-04 22:56,518936,Seattle Storm vs. Minnesota Lynx,BUY_YES,0.24,100%,Both games were between Seattle Storm vs. Minnesota Lynx
2026-06-04 23:58,428299,MLS: Whitecaps to announce relocation by the end of 2026?,BUY_YES,0.45,90%,Market prediction suggests a high likelihood of the Whitecaps relocating by the end of 2026.
2026-06-04 23:59,559998,ITF Casablanca: Carolina Dibenedetto vs Lorena Solar Donoso,BUY_NO,0.78,90%,Available information found
2026-06-04 23:59,560001,ITF Kursumlijska Banja: Sean Cuenin vs Denis Klok,BUY_YES,0.77,100%,
2026-06-04 23:59,560012,ITF Osijek: Dora Miskovic vs Klara Kajabova,BUY_YES,0.76,99%,
2026-06-05 06:52,428299,MLS: Whitecaps to announce relocation by the end of 2026?,BUY_YES,0.44,98%,"Based on the given news articles, there is strong evidence (98%) that the Whitecaps will announce relocation by the end of 2026."
2026-06-05 06:52,542644,"UFC Fight Night: Melissa Mullins vs. Bia Mesquita (Women's Bantamweight, Prelims)",BUY_YES,0.52,100%,News and Market data available
2026-06-05 06:53,560016,ITF Caserta: Laura Pigossi vs Deborah Chiesa,BUY_YES,0.525,100%,News available
2026-06-05 10:39,542644,"UFC Fight Night: Melissa Mullins vs. Bia Mesquita (Women's Bantamweight, Prelims)",BUY_NO,0.485,88%,UFC Fight Night news found
2026-06-05 10:40,551856,AHL: Colorado Eagles vs. Chicago Wolves,BUY_YES,0.565,100%,News article provided successfully
2026-06-05 13:41,542644,"UFC Fight Night: Melissa Mullins vs. Bia Mesquita (Women's Bantamweight, Prelims)",BUY_YES,0.53,100%,Successful extraction of Bia Mesquita vs. Melissa Mullins' fight information
2026-06-05 13:41,561307,Brose Bamberg vs. Alba Berlin,YES,0.56,100%,Both news sources favor Bamberg Baskets against Alba Berlin
2026-06-05 16:18,562540, World Cup: Group J Last Place,BUY_YES,0.5,100%,No errors detected
2026-06-05 16:18,562551,ITF Lakewood: Tatum Evans vs Kailey Evans,BUY_YES,0.5,100%,
2026-06-05 18:27,428299,MLS: Whitecaps to announce relocation by the end of 2026?,BUY_MAYBE,0.56,88%,"Based on market data and news articles, the likelihood of Vancouver Whitecaps relocating by the end of 2026 is high."
2026-06-05 20:33,562584,"T20 ACC Premier Cup, Women: China vs Philippines - Toss Match Double",BUY_YES,0.555,90%,News content is available
2026-06-05 23:50,519457,United Rugby Championship: Winner SF1 vs Winner SF2,BUY_YES,0.49,100%,
2026-06-05 23:50,541691,Qingdao Hainiu FC vs. Yunnan Yukun FC - More Markets,BUY_NO,0.81,87%,
2026-06-05 23:50,562605,"T20 ACC Premier Cup, Women: Bahrain vs Mongolia - Toss Match Double",BUY_YES,0.585,100%,News available for the match Bahrain vs Mongolia
2026-06-05 23:51,545961,Tyler (Doubles): Basel/Oliveira vs Mejia/Barrera,BUY_YES,0.5,100%,
2026-06-06 02:03,548543,Liaoning Tieren FC vs. Shandong Taishan FC - More Markets,BUY_YES,0.25,99.998%,
2026-06-06 05:44,519457,United Rugby Championship: Winner SF1 vs Winner SF2,BUY_YES,0.49,100%,Found winner of SF1 and SF2 in news articles
2026-06-06 05:44,542644,"UFC Fight Night: Melissa Mullins vs. Bia Mesquita (Women's Bantamweight, Prelims)",BUY_YES,0.525,99%,
2026-06-06 08:14,428299,MLS: Whitecaps to announce relocation by the end of 2026?,POTENTIAL_BUY_NO,0.545,100%,
2026-06-06 10:33,428299,MLS: Whitecaps to announce relocation by the end of 2026?,BUY_YES,0.44,91%,"Based on the given news articles, it is indeed possible or likely that the Whitecaps will announce relocation by the end of 2026."
2026-06-06 10:33,548543,Liaoning Tieren FC vs. Shandong Taishan FC - More Markets,BUY_NO,0.735,100%,
2026-06-06 10:34,558677,Fiji vs. Vanuatu - Halftime Result,BUY_NO,0.515,100%,Vanuatu is leading in the Halftime Result
2026-06-06 12:02,558677,Fiji vs. Vanuatu - Halftime Result,NEUTRAL,0.47,100%,Vanuatu leads at halftime
2026-06-06 15:56,548543,Liaoning Tieren FC vs. Shandong Taishan FC - More Markets,BUY_YES,0.255,88%,Match data available
2026-06-06 16:56,428299,MLS: Whitecaps to announce relocation by the end of 2026?,YES,0.44,99%,Sufficient evidence supports relocation within the timeframe.
2026-06-06 16:56,548543,Liaoning Tieren FC vs. Shandong Taishan FC - More Markets,BUY_YES,0.255,88%,No reason given
2026-06-06 18:00,519457,United Rugby Championship: Winner SF1 vs Winner SF2,YES,0.49,99%,
2026-06-06 19:09,542644,"UFC Fight Night: Melissa Mullins vs. Bia Mesquita (Women's Bantamweight, Prelims)",BUY_YES,0.525,100%,Fight data for Bia Mesquita vs. Melissa Mullins found
2026-06-06 20:46,519457,United Rugby Championship: Winner SF1 vs Winner SF2,WAIT,0.51,99%,
2026-06-06 20:46,548543,Liaoning Tieren FC vs. Shandong Taishan FC - More Markets,BUY_YES,0.265,100%,No valid reason for invalidation
2026-06-06 20:46,563426,Will Ukraine re-enter Hryshyne by...?,BUY_YES,0.29,99%,"High confidence score in Polymarket market, and news article from a reliable Ukrainian source"
2026-06-06 20:46,564496,StarCraft II: herO vs Rogue (BO5) - Global StarCraft II League Playoffs,BUY_YES,0.53,99%,
2026-06-06 21:45,428299,MLS: Whitecaps to announce relocation by the end of 2026?,BUY_NO,0.56,98%,Possible relocation by the end of 2026 mentioned in news.
2026-06-06 21:45,542644,"UFC Fight Night: Melissa Mullins vs. Bia Mesquita (Women's Bantamweight, Prelims)",BUY_YES,0.53,85%,Bia Mesquita and Melissa Mullins are scheduled to fight at UFC Fight Night: Kape vs Horiguchi on June 20th.
2026-06-06 22:44,542644,"UFC Fight Night: Melissa Mullins vs. Bia Mesquita (Women's Bantamweight, Prelims)",BUY_YES,0.53,100%,
2026-06-07 01:55,428299,MLS: Whitecaps to announce relocation by the end of 2026?,BUY_YES,0.455,99%,Vancouver Whitecaps may relocate by the end of 2026
2026-06-07 06:11,542644,"UFC Fight Night: Melissa Mullins vs. Bia Mesquita (Women's Bantamweight, Prelims)",BUY_NO,0.475,100%,
2026-06-07 11:31,428299,MLS: Whitecaps to announce relocation by the end of 2026?,BUY_YES,0.445,81%,
2026-06-07 11:31,538983,Qingdao Hainiu FC vs. Yunnan Yukun FC - Halftime Result,BUY_YES,0.47,100%,Confirmed by multiple sources
2026-06-07 11:32,565748,Equatorial Guinea vs. Comoros - Halftime Result,BUY_YES,0.53,95%,Draw at halftime
2026-06-07 13:10,569221,Detroit Tigers vs. Cleveland Guardians,BUY_YES,0.5,95%,
2026-06-07 13:11,569224,Philadelphia Phillies vs. Milwaukee Brewers,BUY_YES,0.5,85%,News about Philadelphia Phillies vs. Milwaukee Brewers found
2026-06-07 13:11,569227,Tampa Bay Rays vs. Los Angeles Angels,BUY_YES,0.5,100%,News articles available.
2026-06-07 15:15,428299,MLS: Whitecaps to announce relocation by the end of 2026?,BUY_YES,0.445,84%,There is sufficient evidence to suggest the Whitecaps may relocate by the end of 2026.
2026-06-07 15:15,542644,"UFC Fight Night: Melissa Mullins vs. Bia Mesquita (Women's Bantamweight, Prelims)",BUY_YES,0.515,89%,
2026-06-07 15:15,548543,Liaoning Tieren FC vs. Shandong Taishan FC - More Markets,BUY_NO,0.76,90%,news_available
2026-06-07 15:15,563269,Rainbow Six Siege: Virtus.pro vs Fnatic (BO1) - Europe MENA League Stage 1 Group Stage,BUY_YES,0.715,100%,All match details are available.
2026-06-07 16:58,428299,MLS: Whitecaps to announce relocation by the end of 2026?,BUY_YES,0.445,83%,
2026-06-07 17:58,541691,Qingdao Hainiu FC vs. Yunnan Yukun FC - More Markets,BUY_YES,0.215,85%,News available
2026-06-07 17:58,569606,Modena: Leyre Romero Gormaz vs Xiaodi You,BUY_YES,0.745,100%,
2026-06-07 17:59,536637,Chicago Sky vs. Indiana Fever,YES,0.535,100%,News articles available for Chicago Sky vs. Indiana Fever
2026-06-07 19:06,565633,Rainbow Six Siege: DarkZero Esports vs 1 of 30 (BO1) - North America League Stage 1 Group Stage,BUY_YES,0.83,90%,
2026-06-07 19:06,565632,Rainbow Six Siege: Soul's Heart Esport vs Fury (BO1) - Asia Pacific League Asia - Stage 1 Group Stage,BUY_YES,0.705,90.0%,
2026-06-07 20:52,428299,MLS: Whitecaps to announce relocation by the end of 2026?,UNKNOWN,0.555,82%,Relocation uncertainty and discussions make relocation likely
2026-06-07 20:53,565631,Rainbow Six Siege: Team Orchid vs HL tauri Esports (BO1) - Asia Pacific League Asia - Stage 1 Group Stage,BUY_YES,0.705,100%,
2026-06-07 20:53,563274,Rainbow Six Siege: Team Secret vs Heretics (BO1) - Europe MENA League Stage 1 Group Stage,BUY_YES,0.78,85%,match_found
2026-06-07 20:53,565632,Rainbow Six Siege: Soul's Heart Esport vs Fury (BO1) - Asia Pacific League Asia - Stage 1 Group Stage,BUY_YES,0.69,85%,
2026-06-07 20:53,569610,Modena: Dominika Salkova vs Alice Tubello,BUY_YES,0.725,100%,
2026-06-07 22:53,565636,Rainbow Six Siege: Shopify Rebellion vs Cloud9 (BO1) - North America League Stage 1 Group Stage,BUY_YES,0.805,81%,
2026-06-07 23:57,428299,MLS: Whitecaps to announce relocation by the end of 2026?,BUY_YES,0.445,81%,
2026-06-07 23:57,565631,Rainbow Six Siege: Team Orchid vs HL tauri Esports (BO1) - Asia Pacific League Asia - Stage 1 Group Stage,BUY_YES,0.745,100%,Match information found
2026-06-08 07:17,565632,Rainbow Six Siege: Soul's Heart Esport vs Fury (BO1) - Asia Pacific League Asia - Stage 1 Group Stage,BUY_YES,0.675,100%,No conflicting information found between sources.
2026-06-08 07:17,558626,KBO: NC Dinos vs. Kiwoom Heroes,BUY_YES,0.63,100%,News about NC Dinos vs Kiwoom Heroes is available
2026-06-08 12:17,572467,Microsoft (MSFT) closes above ___ on June 9?,NO_ACTION,0.255,100%,MSFT closed at $373.5
2026-06-08 19:08,536637,Chicago Sky vs. Indiana Fever,BUY_NO,0.665,93%,
2026-06-08 21:27,428299,MLS: Whitecaps to announce relocation by the end of 2026?,BUY_YES,0.455,90%,
2026-06-08 21:28,558659,St. Louis Cardinals vs. New York Mets,BUY_YES,0.455,100%,Valid news articles found for both teams
2026-06-08 23:04,573947,ITF Ceska Lipa: Julie Struplova vs Petra Sedlackova,BUY_YES,0.855,1000%,
2026-06-09 01:31,428299,MLS: Whitecaps to announce relocation by the end of 2026?,BUY_YES,0.435,89%,Possible relocation of Vancouver Whitecaps discussed by MLS owners
2026-06-09 05:53,558659,St. Louis Cardinals vs. New York Mets,BUY_NO,0.555,85%,Game info found for St. Louis Cardinals vs. New York Mets
2026-06-09 05:53,558626,KBO: NC Dinos vs. Kiwoom Heroes,BUY_YES,0.55,100%,No errors in input
2026-06-09 08:54,558626,KBO: NC Dinos vs. Kiwoom Heroes,BUY_YES,0.55,100%,News available
2026-06-09 14:13,571889,Valencia vs. Joventut,BUY_YES,0.5,90%,
2026-06-09 17:12,428299,MLS: Whitecaps to announce relocation by the end of 2026?,BUY_YES,0.425,84%,There is a high likelihood that Whitecaps will announce relocation by the end of 2026 based on two news articles.
2026-06-09 17:12,576754,ITF Maanshan: Koki Matsuda vs Artem Alekseychuk,BUY_YES,0.88,84%,
2026-06-09 19:39,572666,Colorado Rockies vs. Athletics,IF_PROBABILITY_GREAT_THAN_0_5_BUY_YES_ELSE_BUY_NO,0.515,100%,Valid articles found with news score: 0.69274646 and 0.6892434
2026-06-09 23:06,572666,Colorado Rockies vs. Athletics,BUY_YES,0.505,100%,Recent news available for the market: Colorado Rockies vs Athletics
2026-06-09 23:07,577748,ITF Martos: Mustapha El Natour vs Esteban Talavera Cortes,BUY_YES,0.27,99%,
2026-06-10 01:40,575910,ITF Decatur: Sahaja Yamalapalli vs Carlota Moreno,BUY_YES,0.775,86%,
2026-06-10 01:40,577842,ITF Martos: Jose Dominguez Alonso vs Samuel De Felipe Garcia,BUY_YES,0.435,100%,Valid data provided
2026-06-10 01:40,566205,Libema Open (Doubles): Arribage/Olivetti vs Borges/Polmans,BUY_YES,0.655,100%,All required data found
2026-06-10 06:07,576825,ITF Los Angeles: Tanishk Konduri vs Maxwell Exsted,BUY_YES,0.63,83%,
2026-06-10 23:17,541691,Qingdao Hainiu FC vs. Yunnan Yukun FC - More Markets,BUY_YES,0.3,90%,
2026-06-10 23:17,581472,ITF Maanshan: Joshua Charlton vs Matthew Dellavedova,BUY_YES,0.5,90%,No recent news available.
2026-06-11 02:07,573510,OC Safi vs. Kawkab AC,BUY_NO,0.71,100%,
2026-06-11 07:20,428299,MLS: Whitecaps to announce relocation by the end of 2026?,BUY_NO,0.585,83%,There are news articles about Whitecaps relocation by the end of 2026
2026-06-11 07:21,565638,Rainbow Six Siege: FearX vs RRX (BO1) - Asia Pacific League APAC North - Stage 1 Group Stage,BUY_YES,0.695,100%,No reason provided
2026-06-11 12:01,428299,MLS: Whitecaps to announce relocation by the end of 2026?,BUY_NO,0.585,84%,There is a high confidence in the Whitecaps relocating by the end of 2026 based on official MLS statements and a memorandum of understanding.
2026-06-11 15:51,583965,World Cup: No. of Matches to go to Extra Time,BUY_YES,0.57,100%,
2026-06-11 15:52,569213,New York Yankees vs. Toronto Blue Jays,BUY_YES,0.545,100%,Market and News provided for 'New York Yankees vs. Toronto Blue Jays'
2026-06-12 02:00,585142,Call of Duty: Vancouver Surge vs Paris Gentle Mates (BO5) - Call of Duty League Stage 4 Major Qualifiers Qualifier,YES,0.54,100%,Market and News provided. Market: Call of Duty: Vancouver Surge vs Paris Gentle Mates (BO5) - Call of Duty League Stage 4 Major Qualifiers Qualifier | News: 2 sources available.
2026-06-12 02:00,584178,ODI Series Bangladesh vs Australia: Bangladesh vs Australia,BUY_YES,0.475,99%,Valid market: ODI Series Bangladesh vs Australia: Bangladesh vs Australia
2026-06-12 10:53,585955,ITF Nice: Alevtina Ibragimova vs Clara Burel,BUY_NO,0.605,100%,
2026-06-12 18:31,428299,MLS: Whitecaps to announce relocation by the end of 2026?,BUY_YES,0.415,86%,"Based on two news articles suggesting the Vancouver Whitecaps may relocate by the end of 2026, and a polymarket with an 86% confidence level in 'yes' and an 81% confidence level in another source."
2026-06-13 00:08,588588,Google (GOOGL) closes week of Jun 15 at ___?,NEUTRAL,0.5,90%,Polymarket odds: 90% of the market believes GOOGL will close above $295.
2026-06-13 00:08,588607,Will Google (GOOGL) finish week of June 15 above___?,BUY_YES,0.875,90%,Predictions suggest a high probability of closing above $330
2026-06-13 13:13,590722,Minnesota Twins vs. Arizona Diamondbacks,BUY_YES,0.5,95%,
2026-06-13 13:13,590724,Boston Red Sox vs. Seattle Mariners,BUY_YES,0.5,100%,
2026-06-13 18:56,428299,MLS: Whitecaps to announce relocation by the end of 2026?,BUY_YES,0.43,98%,
2026-06-13 18:56,492364,Club Guabirá vs. CDT RealOruro,BUY_YES,0.41,90%,
2026-06-13 18:57,589340,Valorant: Gen.G Global Academy vs ONSIDE GAMING (BO3) - VCL Korea: Regular Season,BUY_YES,0.435,84%,
2026-06-13 22:52,589340,Valorant: Gen.G Global Academy vs ONSIDE GAMING (BO3) - VCL Korea: Regular Season,BUY_YES,0.43,85%,
2026-06-13 23:55,592242,Counter-Strike: MOUZ vs FUT Esports (BO3) - IEM Cologne Major Stage 3,BUY_YES,0.58,100%,
2026-06-14 02:07,589340,Valorant: Gen.G Global Academy vs ONSIDE GAMING (BO3) - VCL Korea: Regular Season,BUY_YES,0.43,86%,
2026-06-14 10:40,593851,Counter-Strike: Nexus vs Alliance (BO3) - ROG Journey Playoffs,BUY_YES,0.5,100%,
2026-06-14 12:30,428299,MLS: Whitecaps to announce relocation by the end of 2026?,BUY_YES,0.415,81%,Information is available about the event
2026-06-14 16:19,594584,T20 Series West Indies vs Sri lanka: West Indies vs Sri Lanka,BUY_YES,0.545,100%,News list does not require validation
2026-06-14 16:19,594603,Figueira Da Foz: Manon Leonard vs Alina Charaeva,BUY_YES,0.62,100%,"The players Manon Leonard and Alina Charaeva have met twice in tennis, with Manon Leonard winning all 2 games."
2026-06-14 16:19,594608,Figueira Da Foz: Ayla Aksu vs Ana Sofia Sanchez,BUY_NO,0.62,100%,Player information available
2026-06-14 16:20,594614,"ICC T20 World Cup, Women: Australia vs Bangladesh - Team Top Batter",BUY_NO,0.505,99%,
2026-06-14 16:20,594616,Solana price on June 21?,BUY_NO,0.505,85%,Price found
2026-06-14 16:20,594618,Brescia (Doubles): Moratelli/Pace vs Jakupovic/Radisic,BUY_YES,0.5,100%,
2026-06-14 20:10,589340,Valorant: Gen.G Global Academy vs ONSIDE GAMING (BO3) - VCL Korea: Regular Season,BUY_NO,0.54,100%,No errors found
2026-06-14 22:59,594643,Brescia: Jazmin Ortenzi vs Francesca Pace,BUY_YES,0.525,100%,
2026-06-15 00:01,594643,Brescia: Jazmin Ortenzi vs Francesca Pace,SELL_YES,0.52,98%,
2026-06-15 04:08,596268,New York Mets vs. Cincinnati Reds - Player Props,BUY_YES,0.5,100%,
2026-06-15 04:08,596302,"Kwibuka T20 Tournament, Women: Rwanda vs Zimbabwe High Performance Xi",BUY_YES,0.5,85%,Match status determined correctly.
2026-06-15 04:09,596322,Minnesota Lynx vs. Dallas Wings,BUY_YES,0.5,90%,Valid market found.
2026-06-15 10:47,597230,"Bitcoin above ___ on June 15, 8AM ET?",BUY_YES,0.5,84%,"Current market price of Bitcoin ($65,686) is above the threshold ($___) on June 15, 2026, 8AM ET."
2026-06-15 22:38,597605,Rainbow Six Siege: ENTERPRISE Esports vs Arcade Esports (BO1) - Asia Pacific League Oceania - Stage 1 Group Stage,BUY_YES,0.605,88%,Multiple news sources available
2026-06-15 22:39,589343,Valorant: DRX Academy vs T1 Academy (BO3) - VCL Korea: Regular Season,BUY_YES,0.485,87%,sufficient information
2026-06-16 00:17,599238,North America Regional Qualifier: Qualify to The International,BUY_YES,0.5,92%,The International 2026: North America Regional Qualifier is an online North American Dota 2 Qualifier organized by PGL.
2026-06-16 16:19,428299,MLS: Whitecaps to announce relocation by the end of 2026?,BUY_YES,0.415,90%,The Vancouver Whitecaps may relocate in the next 2 years due to lease expiry and ownership changes.
2026-06-16 16:19,600653,ITF Sapporo: Yuhan Liu vs Shiho Tsujioka,BUY_YES,0.36,85%,
2026-06-16 20:01,601676,ITF Zhengzhou: Evialina Laskevich vs Shiyu Ye,BUY_YES,0.625,87%,
2026-06-16 20:01,600707,ITF Mohammedia: Yasmine Kabbaj vs Luna Vujovic,BUY_YES,0.455,88.75715%,
2026-06-16 22:07,564346,Minnesota Lynx vs. Golden State Valkyries,BUY_YES,0.685,82%,Game data found
2026-06-16 22:07,600656,ITF Bourg-En-Bresse: Pierre Antoine Faut vs Elijah Sanogo,BUY_YES,0.615,100%,Valid input for analysis
2026-06-16 22:07,601303,Valorant: REJECT vs QT DIG∞ (BO3) - VCL Japan Main Stage,BUY_YES,0.49,98%,
2026-06-17 00:04,601700,ITF Lourinha: Robin Catry vs Mario Gonzalez Fernandez,BUY_YES,0.48,100%,
2026-06-17 00:04,600692,ITF Bolszewo: Ivana Sebestova vs Khrystyna Vozniak,BUY_YES,0.515,83%,
2026-06-17 00:05,600703,ITF San Gregorio: Anastasia Abbagnato vs Ruien Zhang,BUY_YES,0.66,90%,"Anastasia Abbagnato vs Ruien Zhang is a valid match announcement, however the news about next match and h2h are not very recent."
2026-06-17 05:31,581165,United States vs. Australia - Second Half Result,BUY_YES,0.485,85%,
2026-06-17 05:31,602673,ITF Ystad: Linea Bajraliu vs Vilma Krebs Hyllested,BUY_YES,0.745,100%,
2026-06-17 10:20,577043,Tunisia vs. Japan - First Team to Score,NO,0.93,100%,
2026-06-17 10:21,581165,United States vs. Australia - Second Half Result,BUY_NO,0.515,85%,Second-half results show Australia as the stronger team in this market.
2026-06-17 14:20,428299,MLS: Whitecaps to announce relocation by the end of 2026?,BUY_YES,0.415,88%,There is a potential for the Vancouver Whitecaps to be relocated by the end of 2026.
2026-06-17 14:20,601303,Valorant: REJECT vs QT DIG∞ (BO3) - VCL Japan Main Stage,BUY_YES,0.515,100%,Data provided
2026-06-17 17:37,575207,Honor of Kings: AG Super Play vs WST (BO5) - King Pro League Stage 1 Group 3,BUY_YES,0.52,81%,
2026-06-17 17:37,575206,Honor of Kings: JD Gaming vs TOP Esports Armor (BO5) - King Pro League Stage 1 Group 1,BUY_YES,0.575,88%,
2026-06-17 17:37,604367,ITF Tauste: Yushan Shao vs Yihan Qu,BUY_YES,0.5,90%,
2026-06-17 19:49,605227,"ICC T20 World Cup, Women: Australia vs Netherlands",BUY_YES,0.83,100%,Valid articles found for ICC Women's T20 World Cup match between Australia vs Netherlands
2026-06-17 19:49,605301,ACC ODI Challenger Cup: Malaysia vs Thailand,BUY_YES,0.815,100%,The teams Malaysia and Thailand are participating in the ACC ODI Challenger Cup.
2026-06-17 19:49,605345,ITF Luque: Maria Herazo vs Mariangel Estrella,BUY_YES,0.61,100%,
2026-06-17 21:51,575206,Honor of Kings: JD Gaming vs TOP Esports Armor (BO5) - King Pro League Stage 1 Group 1,BUY_YES,0.575,83%,There is news available for JD Gaming.
2026-06-17 21:51,564346,Minnesota Lynx vs. Golden State Valkyries,BUY_YES,0.62,100%,
2026-06-17 23:15,606278,ITF Dinard: Elise Renard vs Franziska Sziedat,BUY_NO,0.77,100%,Both players lost sets with Franziska Sziedat winning the most games (18) in the match.
2026-06-17 23:15,605345,ITF Luque: Maria Herazo vs Mariangel Estrella,BUY_NO,0.73,99%,Both news sources agree on the match.
2026-06-17 23:15,564346,Minnesota Lynx vs. Golden State Valkyries,BUY_YES,0.62,85%,Both games have been analyzed with reasonable accuracy.
2026-06-18 02:17,606770,Counter-Strike: TDK vs Ursa (BO3) - CCT Europe Series #4 Playoffs,BUY_YES,0.5,92%,
2026-06-18 02:17,606784,Toronto Blue Jays vs. Boston Red Sox - Player Props,BUY_YES,0.5,90%,Player prop odds and predictions available with score greater than 0.77
2026-06-18 11:41,607954,ITF Irvine: Alexis Nguyen vs Sophia Webster,BUY_YES,0.31,90%,No errors found
2026-06-18 14:40,575206,Honor of Kings: JD Gaming vs TOP Esports Armor (BO5) - King Pro League Stage 1 Group 1,BUY YES,0.54,100%,Valid input. News and market data are available
2026-06-18 20:04,510368,Jordan vs. Argentina - Halftime Result,BUY_NO,0.665,85%,Argentina is leading Jordan
2026-06-18 22:36,428299,MLS: Whitecaps to announce relocation by the end of 2026?,BUY_YES,0.435,81%,potential relocation
2026-06-19 00:15,575206,Honor of Kings: JD Gaming vs TOP Esports Armor (BO5) - King Pro League Stage 1 Group 1,DECIDEBUY,0.495,89%,
2026-06-19 10:08,601303,Valorant: REJECT vs QT DIG∞ (BO3) - VCL Japan Main Stage,'BUY_YES',0.47,100%,Valid data provided
2026-06-19 13:57,428299,MLS: Whitecaps to announce relocation by the end of 2026?,YES,0.435,97%,
2026-06-19 16:27,428299,MLS: Whitecaps to announce relocation by the end of 2026?,BUY_YES,0.435,89%,"Possible relocation to Las Vegas, Phoenix, or Hastings Park"
2026-06-19 16:28,611908,Rainbow Six Siege: M80 vs Outlast (BO1) - North America League Stage 1 Group Stage,BUY_YES,0.885,100%,
2026-06-19 16:28,596148,Call of Duty: Vancouver Surge vs Los Angeles Thieves (BO5) - Call of Duty League Stage 4 Major Qualifiers Qualifier,BUY_NO,0.83,100%,Market: Call of Duty: Vancouver Surge vs Los Angeles Thieves (BO5) - Call of Duty League Stage 4 Major Qualifiers Qualifier
2026-06-19 20:21,428299,MLS: Whitecaps to announce relocation by the end of 2026?,BUY_YES,0.41,90%,Sufficient evidence from credible news sources supports the possibility of the Whitecaps relocating.
2026-06-19 21:50,428299,MLS: Whitecaps to announce relocation by the end of 2026?,BUY_NO,0.59,89%,"There are multiple news sources supporting a relocation announcement by the end of 2026, though talks continue around local ownership or stadium plans."
2026-06-19 22:44,612483,GTA VI: PS5 Launch Price,BUY_YES,0.625,82%,The launch price for GTA VI on PS5 is $69.99
2026-06-19 22:45,601303,Valorant: REJECT vs QT DIG∞ (BO3) - VCL Japan Main Stage,BUY_NO,0.62,81%,News sources available
2026-06-19 23:47,612483,GTA VI: PS5 Launch Price,BUY_YES,0.625,92%,
2026-06-19 23:48,601303,Valorant: REJECT vs QT DIG∞ (BO3) - VCL Japan Main Stage,BUY_NO,0.62,100%,The market is valid
2026-06-19 23:48,612267,ITF Zhengzhou: Jiaqi Wang vs Daria Khomutsianskaya,BUY_YES,0.655,81%,Available information
2026-06-20 01:54,612483,GTA VI: PS5 Launch Price,BUY_YES,0.625,100%,Price information available for PS5 and GTA VI
2026-06-20 01:55,613208,ITF Bourg-En-Bresse: Mika Petkovic vs Theo Papamalamis,BUY_YES,0.595,84%,
2026-06-20 15:26,601303,Valorant: REJECT vs QT DIG∞ (BO3) - VCL Japan Main Stage,BUY_NO,0.52,100%,
2026-06-20 20:15,601303,Valorant: REJECT vs QT DIG∞ (BO3) - VCL Japan Main Stage,BUY_MAYBE,0.535,86%,
2026-06-21 07:20,428299,MLS: Whitecaps to announce relocation by the end of 2026?,BUY_NO,0.59,100%,
2026-06-21 10:57,592037,"UFC Fight Night: Nazim Sadykhov vs. Matheus Camilo (Lightweight, Main Card)",BUY_YES,0.685,88%,news article is valid
2026-06-21 13:00,428299,MLS: Whitecaps to announce relocation by the end of 2026?,BUY_YES,0.41,98%,
2026-06-21 17:12,604830,Honor of Kings: Koala Game vs Mighty Tiger Gaming (BO5) - KPL Growth League Group Stage,BUY_YES,0.56,90%,
2026-06-21 19:07,604830,Honor of Kings: Koala Game vs Mighty Tiger Gaming (BO5) - KPL Growth League Group Stage,BUY_YES,0.575,100%,No issues found with the input data
2026-06-21 22:08,604832,Honor of Kings: UU Gamers vs WLT Esports Club (BO5) - KPL Growth League Group Stage,BUY_YES,0.525,80.19%,"Multiple matches found, selecting the match with the highest confidence."
2026-06-22 02:14,618802,Counter-Strike: NEW VISION vs Julie&cie (BO3) - CCT Europe Challengers Series Playoffs,YES,0.69,100%,No issues found in the provided JSON
2026-06-22 02:14,604832,Honor of Kings: UU Gamers vs WLT Esports Club (BO5) - KPL Growth League Group Stage,BUY_YES,0.515,100%,
2026-06-22 08:44,579193,Counter-Strike: 3DMAX vs NIP (BO1) - XSE Pro League Group Stage,BUY_NO,0.565,85%,Valid input
2026-06-22 14:17,621393,Paris Basketball vs. Monaco,BUY_YES,0.645,83%,
2026-06-22 14:18,541064,Austrian Grand Prix: Constructor Fastest Lap,BUY_YES,0.375,100%,no errors in input
2026-06-22 14:18,615462,Honor of Kings: AG Super Play vs Rogue Warriors (BO5) - King Pro League Stage 1 Group 3,BUY_YES,0.545,100%,Match information available in news content (2/2)
2026-06-22 21:24,428299,MLS: Whitecaps to announce relocation by the end of 2026?,YES,0.41,90%,Possible relocation discussed within the articles content
2026-06-22 21:25,620177,Scotland vs. Brazil - Total Corners,NO,0.74,100%,
2026-06-22 23:08,618781,Rainbow Six Siege: Team Liquid vs Black Dragons e-Sports (BO1) - South America League Stage 1 Group Stage,BUY_YES,0.77,90%,
2026-06-23 05:52,618781,Rainbow Six Siege: Team Liquid vs Black Dragons e-Sports (BO1) - South America League Stage 1 Group Stage,BUY_YES,0.775,100%,Both news sources report the match as not started (0-0) in the same score format
2026-06-23 05:52,624438,ITF Bergamo: Marcello Serafini vs Henry Bernet,BUY_NO,0.8,100%,
2026-06-23 08:53,624592,UNSC Resolution Endorsing Final U.S.-Iran Deal by December 31?,BUY_NO,0.535,81%,Market news suggests a UNSC resolution endorsing the final U.S.-Iran deal by December 31 is likely.
2026-06-23 11:51,428299,MLS: Whitecaps to announce relocation by the end of 2026?,BUY_YES,0.42,100%,Possible relocation of Vancouver Whitecaps
2026-06-23 11:51,625268,ITF Alkmaar: Joy De Zeeuw vs Isis Louise Van Den Broek,BUY_YES,0.325,100%,Live score available
2026-06-23 14:14,544529,Operário Ferroviário EC vs. América FC - More Markets,BUY_YES,0.525,100%,Available news found
2026-06-23 17:07,618781,Rainbow Six Siege: Team Liquid vs Black Dragons e-Sports (BO1) - South America League Stage 1 Group Stage,BUY_YES,0.775,100%,Valid input
2026-06-23 17:08,579193,Counter-Strike: 3DMAX vs NIP (BO1) - XSE Pro League Group Stage,BUY_NO,0.585,80.88%,
2026-06-23 19:32,428299,MLS: Whitecaps to announce relocation by the end of 2026?,BUY_NO,0.58,88%,Possible relocation of Whitecaps to Las Vegas.
2026-06-23 19:33,579193,Counter-Strike: 3DMAX vs NIP (BO1) - XSE Pro League Group Stage,BUY_NO,0.585,100%,news available for the given market
2026-06-23 19:33,624098,Milwaukee Brewers vs. Cincinnati Reds - Player Props,BUY_YES,0.495,85%,no conflicting information found
2026-06-23 22:52,428299,MLS: Whitecaps to announce relocation by the end of 2026?,BUY_YES,0.43,85%,There are credible news articles about a possible Vancouver Whitecaps relocation by the end of 2026.
2026-06-23 22:53,627278,ITF Kayseri: Alana Subasic vs Berrak Kocak,BUY_YES,0.84,100%,No reason
2026-06-23 23:46,428299,MLS: Whitecaps to announce relocation by the end of 2026?,BUY_YES,0.43,85%,Possible relocation by the end of 2026
2026-06-23 23:46,618781,Rainbow Six Siege: Team Liquid vs Black Dragons e-Sports (BO1) - South America League Stage 1 Group Stage,BUY_YES,0.78,94%,Predict the winner and track live
2026-06-23 23:46,625284,ITF Slovenska Bistrica: Jeremy Schifris vs Jeremy Gschwendtner,BUY_YES,0.5,100%,No issues found
2026-06-24 01:33,618781,Rainbow Six Siege: Team Liquid vs Black Dragons e-Sports (BO1) - South America League Stage 1 Group Stage,YES,0.78,100%,valid input
2026-06-24 01:33,627267,ITF Kayseri: Sophia Ksandinov vs Irem Kurt,BUY_YES,0.595,90%,Match data found for Sophia Ksandinov vs Irem Kurt
2026-06-24 05:50,618781,Rainbow Six Siege: Team Liquid vs Black Dragons e-Sports (BO1) - South America League Stage 1 Group Stage,BUY_YES,0.78,100%,News available
2026-06-24 05:51,627340,ITF Brussels: Gregoire Delattre vs Benoit Torcq,BUY_YES,0.645,100%,
2026-06-24 08:49,627340,ITF Brussels: Gregoire Delattre vs Benoit Torcq,DECISION_TO_TAKE,0.355,98%,
2026-06-24 13:53,629000,ITF Claremont: Evan Bynoe vs Gus Grumet,BUY_NO,0.635,100%,Valid ITF Claremont: Evan Bynoe vs Gus Grumet market with news available.
2026-06-24 18:24,579193,Counter-Strike: 3DMAX vs NIP (BO1) - XSE Pro League Group Stage,BUY_YES,0.395,85%,
2026-06-24 22:01,623746,Wimbledon 2026: Longest Match,BUY_YES,0.76,100%,
2026-06-24 23:03,623746,Wimbledon 2026: Longest Match,BUY_YES,0.76,100%,
2026-06-24 23:03,631027,ITF Gdansk: Amarissa Kiara Toth vs Daria Kuczer,BUY_YES,0.75,83%,"Both news sources have a score above 0.7, so the score is likely reliable"
2026-06-25 01:37,623709,Wimbledon 2026: Top-10 Seed to Lose in First Round? (Women’s Singles),BUY_YES,0.52,100%,No top-10 seeds have lost in the first round of Women's Singles in the provided news sources as of 2026.
2026-06-25 01:37,618781,Rainbow Six Siege: Team Liquid vs Black Dragons e-Sports (BO1) - South America League Stage 1 Group Stage,BUY_YES,0.78,84%,
2026-06-25 01:37,579193,Counter-Strike: 3DMAX vs NIP (BO1) - XSE Pro League Group Stage,BUY_YES,0.395,92%,
2026-06-25 05:52,623746,Wimbledon 2026: Longest Match,BUY_YES,0.76,100%,Longest match in 2026 Wimbledon history involves American player John Isner and French player Nicolas Mahut.
2026-06-25 05:52,629456,Tohoku Rakuten Golden Eagles vs. Saitama Seibu Lions,BUY_NO,0.6,90%,
2026-06-25 08:46,618781,Rainbow Six Siege: Team Liquid vs Black Dragons e-Sports (BO1) - South America League Stage 1 Group Stage,BUY_YES,0.78,81.73562%,
2026-06-25 08:46,629819,Valorant: REJECT vs IGZIST (BO3) - VCL Japan Main Stage,BUY_YES,0.73,100%,Provided data has sufficient information.
2026-06-25 08:46,630584,Dota 2: Power Rangers vs Team Bald (BO3) - The International Europe Closed Qualifier Playoffs,BUY_YES,0.5,85%,
2026-06-25 11:22,618781,Rainbow Six Siege: Team Liquid vs Black Dragons e-Sports (BO1) - South America League Stage 1 Group Stage,BUY_YES,0.78,100%,no reason to doubt the market provided
2026-06-25 13:51,579193,Counter-Strike: 3DMAX vs NIP (BO1) - XSE Pro League Group Stage,BUY_YES,0.415,90%,Valid input
2026-06-25 16:13,579193,Counter-Strike: 3DMAX vs NIP (BO1) - XSE Pro League Group Stage,BUY_NO,0.59,86%,
2026-06-25 18:38,618781,Rainbow Six Siege: Team Liquid vs Black Dragons e-Sports (BO1) - South America League Stage 1 Group Stage,BUY_YES,0.78,100%,Both sources report a score for Team Liquid vs Black Dragons
2026-06-25 18:39,629819,Valorant: REJECT vs IGZIST (BO3) - VCL Japan Main Stage,BUY_YES,0.73,100%,Insufficient data provided to determine the odds of REJECT vs IGZIST
2026-06-25 20:37,629819,Valorant: REJECT vs IGZIST (BO3) - VCL Japan Main Stage,BUY_YES,0.735,100%,Match found
2026-06-25 22:10,623746,Wimbledon 2026: Longest Match,BUY_YES,0.93,100%,
2026-06-26 06:39,627827,Will another sitting Australian MP join One Nation in 2026?,BUY_YES,0.48,100%,
2026-06-26 10:02,623746,Wimbledon 2026: Longest Match,BUY_YES,0.84,100%,
2026-06-26 10:02,616498,Daejeon Hana Citizen FC vs. Bucheon FC 1995 - Halftime Result,BUY_YES,0.495,100%,game ended in a draw
2026-06-26 12:12,623746,Wimbledon 2026: Longest Match,BUY_YES,0.835,100%,"The Longest professional tennis match in History was between John Isner and Nicolas Mahut, with John Isner winning"
2026-06-26 15:16,623746,Wimbledon 2026: Longest Match,BUY_YES,0.84,100%,News has been found for Wimbledon 2026: Longest Match.
2026-06-27 01:53,623746,Wimbledon 2026: Longest Match,BUY_YES,0.84,100%,The longest professional tennis match in history was won by American John Isner
2026-06-27 05:44,639490,Wimbledon WTA: Serena Williams vs Maya Joint,BUY_YES,0.695,100%,All information is correctly formatted and available
2026-06-27 10:37,623746,Wimbledon 2026: Longest Match,BUY_YES,0.835,85%,"Longest tennis match in history on June 24, 2026"
2026-06-27 12:04,640355,ITF Claremont: Alexandra Vagramov vs Alexis Nguyen,BUY_YES,0.52,90%,data available
2026-07-01 02:04,565512,Will there be a safety car during the 2026 F1 British Grand Prix?,PROBABLY,0.365,83.65%,Red safety car unveiled for 2026 F1 season
2026-07-01 02:04,651912,ITF Kayseri: Julia Khramtsova vs Irem Kurt,BUY_YES,0.625,82%,
2026-07-01 02:04,648717,Minnesota Twins vs. Houston Astros - First 5 Innings Winner,NO,0.9005,100%,Both articles report Twins winning in the first 5 innings
2026-07-01 06:27,653808,ITF San Diego: Jo-Yee Chan vs Anna Tabunshchyk,BUY_YES,0.835,100%,Match data available
2026-07-01 06:27,653760,ITF Stuttgart-Vaihingen: Laima Vladson vs Lidia Encheva,BUY_YES,0.47,100%,No issue found in the input data
2026-07-01 10:38,641374,Honor of Kings: Kuaishou Gaming vs WST (BO5) - King Pro League Stage 1 Group 3,BUY_YES,0.45,100%,No score discrepancy found
2026-07-01 13:24,623746,Wimbledon 2026: Longest Match,BUY_YES,0.755,88%,
2026-07-01 13:24,648689,RCA Zemamra vs. FathUnionSport - Halftime Result,BUY_NO,0.67,90%,halftime result is 1-0 to RCA Zemamra
2026-07-01 13:24,652393,Cincinnati Reds vs. Milwaukee Brewers - First 5 Innings Winner,BUY_NO,0.64,85%,Brewers have won the first five innings in multiple matchups and recent games
2026-07-01 13:25,653780,ITF Rabat: Andrea M'chich vs Federico Valle,BUY_YES,0.675,89.6%,
2026-07-01 13:25,638385,Will China become the #2 global art market in 2026?,BUY_YES,0.315,89%,
2026-07-01 16:12,623746,Wimbledon 2026: Longest Match,BUY_YES,0.76,86%,
2026-07-01 16:12,626671,FK Kauno Žalgiris vs. FC Drita - More Markets,BUY_NO,0.61,83%,
2026-07-01 16:12,626672,Sabah FK vs. The New Saints FC - More Markets,BUY_NO,0.61,98%,News and market information available from Fanatics Markets and Sofascore.
2026-07-01 16:12,652393,Cincinnati Reds vs. Milwaukee Brewers - First 5 Innings Winner,BUY_NO,0.655,100%,Milwaukee Brewers won the game
2026-07-01 20:31,648675,Kawkab AC vs. Maghreb AS de Fès - Halftime Result,BUY_NO,0.835,85%,"Based on the provided news, the halftime result is a draw (0-0 or 1-1)."
2026-07-01 20:31,652393,Cincinnati Reds vs. Milwaukee Brewers - First 5 Innings Winner,BUY_YES,0.355,98%,
2026-07-01 23:55,656555,ITF Kayseri: Constantin Bittoun Kouzmine vs Udit Kamboj,BUY_YES,0.59,100%,no issues with data
2026-07-01 23:56,656500,ITF Tokyo: Maximus Jones vs Ryota Tanuma,BUY_YES,0.72,100%,Information available
2026-07-01 23:56,648693,RS Berkane vs. Wydad Athletic Club - Halftime Result,BUY_NO,0.625,89%,Wydad Athletic Club wins within the first 45 minutes of regular play plus stoppage time
2026-07-02 01:55,623746,Wimbledon 2026: Longest Match,BUY_YES,0.76,83%,No reason provided
2026-07-02 01:55,656593,ITF Stuttgart-Vaihingen: Anastasiya Sobolieva vs Ipek Oz,BUY_YES,0.5,100%,Match news found between Ipek Oz and Anastasiya Sobolieva
2026-07-02 05:47,657415,ITF Hillcrest: Marilouise Van Zyl vs Ashton Bowers,WAIT,0.465,90%,match found
2026-07-02 11:18,658272,ITF Cary: Cadence Brace vs Mia Slama,BUY_YES,0.5,98%,scores available
2026-07-02 11:18,648693,RS Berkane vs. Wydad Athletic Club - Halftime Result,BUY_YES,0.365,86%,Predicted score: 0.8571119 based on polymarket.com
2026-07-02 13:23,658278,ITF Umag: Andrej Martin vs Ivan Biletic,BUY_YES,0.875,88%,
2026-07-02 15:56,623746,Wimbledon 2026: Longest Match,BUY_YES,0.75,100%,Input is valid
2026-07-02 15:56,653247,Dota 2: Inner Circle vs 1win (BO2) - Esports World Cup Group D,BUY_YES,0.45,90%,Sufficient data found
2026-07-02 15:56,658278,ITF Umag: Andrej Martin vs Ivan Biletic,BUY_YES,0.9945,90%,Both news sources have sufficient info.
2026-07-02 17:26,626602,FK Vardar Skopje vs. Kuopion PS,BUY_YES,0.47,100%,
2026-07-02 17:26,659177,ITF San Diego: Vignesh Gogineni vs Stian Klaassen,BUY_YES,0.63,99%,Enough news articles found
2026-07-02 17:26,659212,ITF Maanshan: JiaYi Wang vs Yuhan Wang,BUY_YES,0.63,83%,
2026-07-02 19:04,653247,Dota 2: Inner Circle vs 1win (BO2) - Esports World Cup Group D,BUY_YES,0.42,88%,
2026-07-02 19:04,638385,Will China become the #2 global art market in 2026?,BUY_YES,0.34,90%,"Recent Polymarket and Artnet news indicate that China is likely to become the #2 global art market in 2026, with some evidence suggesting China is already in this position."
2026-07-02 22:56,644323,San Francisco Giants vs. Colorado Rockies,YES,0.525,100%,
2026-07-02 23:55,623746,Wimbledon 2026: Longest Match,BUY_YES,0.75,100%,Wimbledon 2026 latest updates available
2026-07-02 23:55,647773,Detroit Tigers vs. Texas Rangers,BUY_YES,0.52,100%,
2026-07-02 23:55,647765,New York Mets vs. Atlanta Braves,BUY_YES,0.475,100%,News articles found
2026-07-03 01:26,647772,Tampa Bay Rays vs. Houston Astros,BUY_YES,0.564,90%,
2026-07-03 01:26,658423,Valorant: Team Secret vs VARREL (BO3) - VCT Pacific Group Omega,BUY_YES,0.505,82%,"Match details not available directly in the news articles, however they match EWC 2026 results"
2026-07-03 01:26,647767,Baltimore Orioles vs. Cincinnati Reds,BUY_NO,0.52,100%,
2026-07-03 05:36,623746,Wimbledon 2026: Longest Match,BUY_YES,0.75,100%,Input is a valid list of dictionaries with required keys
2026-07-03 05:36,626602,FK Vardar Skopje vs. Kuopion PS,BUY_NO,0.535,100%,Match valid with available details
2026-07-03 05:36,647767,Baltimore Orioles vs. Cincinnati Reds,BUY_YES,0.495,90%,game_result_available
2026-07-03 08:40,623746,Wimbledon 2026: Longest Match,BUY_YES,0.75,90%,Wimbledon 2026: Longest Match data found
2026-07-03 08:41,661031,Rainbow Six Siege: For Fun Esports vs Five Fears (BO1) - North America League Stage 1 Group Stage,BUY_YES,0.515,83%,North America League Stage 1 Group Stage
2026-07-03 11:19,647770,St. Louis Cardinals vs. Chicago Cubs,BUY_YES,0.455,100%,Market and News available
2026-07-03 11:20,647765,New York Mets vs. Atlanta Braves,BUY_NO,0.525,90%,Market is New York Mets vs. Atlanta Braves
2026-07-03 13:25,647772,Tampa Bay Rays vs. Houston Astros,BUY_YES,0.56,100%,No predictions available
2026-07-03 13:25,641377,Honor of Kings: Wolves vs Rogue Warriors (BO5) - King Pro League Stage 1 Group 3,BUY_NO,0.545,86%,
2026-07-03 13:25,647771,Philadelphia Phillies vs. Kansas City Royals,BUY_NO,0.455,100%,Market: Philadelphia Phillies vs. Kansas City Royals is known
2026-07-03 15:38,641377,Honor of Kings: Wolves vs Rogue Warriors (BO5) - King Pro League Stage 1 Group 3,BUY_NO,0.545,90%,
2026-07-03 15:38,647765,New York Mets vs. Atlanta Braves,BUY_YES,0.495,100%,Valid News List
2026-07-03 15:38,661031,Rainbow Six Siege: For Fun Esports vs Five Fears (BO1) - North America League Stage 1 Group Stage,BUY_YES,0.51,83%,enough data available for prediction
2026-07-03 17:05,647771,Philadelphia Phillies vs. Kansas City Royals,BUY_YES,0.545,1000%,
2026-07-03 17:05,647773,Detroit Tigers vs. Texas Rangers,BUY_YES,0.515,100%,Both teams scores are available and above 0.5
2026-07-03 17:05,658423,Valorant: Team Secret vs VARREL (BO3) - VCT Pacific Group Omega,BUY_YES,0.48,87%,
2026-07-03 17:05,647767,Baltimore Orioles vs. Cincinnati Reds,BUY_YES,0.52,85%,
2026-07-03 18:51,623746,Wimbledon 2026: Longest Match,BUY_YES,0.75,100%,Wimbledon's longest men's match lasted 11 hours and five minutes.
2026-07-03 18:51,650543,Australia vs. Philippines,BUY_YES,0.495,100%,
2026-07-03 18:52,647773,Detroit Tigers vs. Texas Rangers,BUY_YES,0.495,100%,No issue found
2026-07-03 18:52,658423,Valorant: Team Secret vs VARREL (BO3) - VCT Pacific Group Omega,BUY_YES,0.48,99%,
2026-07-03 20:10,623746,Wimbledon 2026: Longest Match,INVEST_YES,0.75,80.98936%,
2026-07-03 21:46,641377,Honor of Kings: Wolves vs Rogue Warriors (BO5) - King Pro League Stage 1 Group 3,BUY_YES,0.465,83%,
2026-07-03 23:41,618858,North Carolina Courage vs. Seattle Reign FC,BUY_YES,0.53,82%,
2026-07-03 23:42,623746,Wimbledon 2026: Longest Match,BUY_YES,0.75,82%,
2026-07-03 23:42,646996,Syria vs. Iran,BUY_NO,0.515,83%,Both countries have significant presence in news articles
2026-07-03 23:42,662910,Wimbledon ATP (Doubles): Bolelli/Vavassori vs Jong/Royer,BUY_YES,0.87,95%,
2026-07-03 23:43,663924,ITF Monastir: Cesar Bouchelaghem vs Aziz Ouakaa,BUY_YES,0.67,87%,score_available
2026-07-04 01:15,623746,Wimbledon 2026: Longest Match,BUY_YES,0.75,80.98936%,
2026-07-04 01:16,646995,China vs. Chinese Taipei,BUY_YES,0.695,100%,
2026-07-04 01:16,663897,ITF Kursumlijska Banja: Semen Pankin vs Timofei Derepasko,BUY_YES,0.705,100%,Match exists
2026-07-04 01:16,663926,ITF Amstelveen: Abel Forger vs Pieter De Lange,BUY_YES,0.625,100%,Valid input
2026-07-04 05:29,623746,Wimbledon 2026: Longest Match,BUY_YES,0.75,84%,Market news available
2026-07-04 05:29,646997,Jordan vs. Iraq,BUY_YES,0.81,100%,"Iraq have lost both their matches to date against Jordan, the last match with a score of 3:2 in favor of Jordan."
2026-07-04 05:30,647773,Detroit Tigers vs. Texas Rangers,BUY_YES,0.505,84%,
2026-07-04 05:30,662504,Arizona Diamondbacks vs. San Diego Padres,BUY_YES,0.61,100%,Market and news found
2026-07-04 10:40,623746,Wimbledon 2026: Longest Match,BUY_YES,0.75,88%,At least one piece of relevant information found
2026-07-04 10:40,658423,Valorant: Team Secret vs VARREL (BO3) - VCT Pacific Group Omega,YES,0.48,95%,
2026-07-04 10:40,662504,Arizona Diamondbacks vs. San Diego Padres,YES,0.61,100%,News available for Arizona Diamondbacks vs. San Diego Padres market
2026-07-04 11:56,650544,South Korea vs. Japan,BUY_YES,0.47,90%,
2026-07-04 11:57,646994,New Zealand vs. Guam,BUY_YES,0.485,95%,Match found: New Zealand vs. Guam in FIBA World Cup Qualifiers
2026-07-04 11:57,658423,Valorant: Team Secret vs VARREL (BO3) - VCT Pacific Group Omega,BUY_YES,0.48,91%,No error
2026-07-04 11:57,662504,Arizona Diamondbacks vs. San Diego Padres,BUY_YES,0.61,100%,
2026-07-04 12:54,665671,Argentina vs. Egypt - First Team to Score,BUY_YES,0.755,100%,
2026-07-04 14:23,650544,South Korea vs. Japan,BUY_YES,0.455,82%,
2026-07-04 15:46,623746,Wimbledon 2026: Longest Match,BUY_YES,0.75,81%,
2026-07-04 15:47,665932,Overwatch: LuneX Gaming vs Dallas Fuel (BO3) - OCS North America Stage 2 Playoffs,BUY_YES,0.5,100%,
2026-07-04 15:47,641377,Honor of Kings: Wolves vs Rogue Warriors (BO5) - King Pro League Stage 1 Group 3,Buying is recommended due to the high possibility of YES (0.595),0.595,83%,head-to-head data and current performance suggest an advantage for Wolves
2026-07-04 16:43,622248,Portland Thorns FC vs. Racing Louisville FC,BUY_YES,0.625,100%,"The score of the match between Portland Thorns FC and Racing Louisville FC on May 8, 2026, is available."
2026-07-04 17:43,623746,Wimbledon 2026: Longest Match,BUY_YES,0.75,100%,
2026-07-04 17:43,633987,PFK CSKA Sofia vs. Derry City FC,BUY_YES,0.685,100%,match_details_available
2026-07-04 17:44,641377,Honor of Kings: Wolves vs Rogue Warriors (BO5) - King Pro League Stage 1 Group 3,BUY_NO,0.42,98%,
2026-07-04 17:44,658423,Valorant: Team Secret vs VARREL (BO3) - VCT Pacific Group Omega,BUY_YES,0.48,80.51%,
2026-07-04 18:39,641377,Honor of Kings: Wolves vs Rogue Warriors (BO5) - King Pro League Stage 1 Group 3,BUY_YES,0.62,90%,
2026-07-04 18:40,626601,Lincoln Red Imps FC vs. Inter Club d'Escaldes,BUY_YES,0.385,85%,At least two valid news sources were found.
2026-07-04 18:40,662504,Arizona Diamondbacks vs. San Diego Padres,BUY_YES,0.61,100%,Valid market found
2026-07-04 19:53,623746,Wimbledon 2026: Longest Match,BUY_YES,0.75,86%,
2026-07-04 19:53,641377,Honor of Kings: Wolves vs Rogue Warriors (BO5) - King Pro League Stage 1 Group 3,BUY_YES,0.695,85%,The match result is available in the Polymarket odds.
2026-07-04 19:53,640904,Orlando Pride vs. Kansas City Current,BUY_NO,0.62,100%,Data available for the specified match
2026-07-04 20:44,650538,Mexico vs. USA,BUY_YES,0.425,85%,
2026-07-04 20:44,641377,Honor of Kings: Wolves vs Rogue Warriors (BO5) - King Pro League Stage 1 Group 3,BUY_YES,0.755,100%,Matches found
2026-07-04 20:44,659685,Maghreb AS de Fès vs. Olympic Dcheira,BUY_YES,0.585,85%,Odds from multiple sources available
2026-07-04 20:44,630455,Zirə FK vs. SK Torpedo Kutaisi,BUY_YES,0.555,100%,
2026-07-04 21:38,641377,Honor of Kings: Wolves vs Rogue Warriors (BO5) - King Pro League Stage 1 Group 3,BUY_YES,0.585,90%,No anomalies found in market news
2026-07-04 21:38,630282,FC Petrocub Hînceşti vs. KF Egnatia Rrogozhinë,BUY_NO,0.62,100%,
2026-07-04 21:38,659685,Maghreb AS de Fès vs. Olympic Dcheira,BUY_YES,0.6,83%,Both news sources agree that Maghreb AS de Fès is in contention for the top spot in Botola Pro
2026-07-04 22:38,641377,Honor of Kings: Wolves vs Rogue Warriors (BO5) - King Pro League Stage 1 Group 3,BUY_YES,0.565,100%,No specific errors found
2026-07-04 22:38,656338,US announces military base in Israel in 2026?,BUY_NO,0.79,83%,
2026-07-04 23:42,630282,FC Petrocub Hînceşti vs. KF Egnatia Rrogozhinë,BUY_NO,0.62,83%,both scores are available
2026-07-04 23:42,662504,Arizona Diamondbacks vs. San Diego Padres,BUY_YES,0.6,100%,
2026-07-04 23:42,659685,Maghreb AS de Fès vs. Olympic Dcheira,BUY_YES,0.59,81%,
2026-07-04 23:43,630455,Zirə FK vs. SK Torpedo Kutaisi,BUY_YES,0.555,83%,
2026-07-05 01:23,641377,Honor of Kings: Wolves vs Rogue Warriors (BO5) - King Pro League Stage 1 Group 3,BUY_YES,0.56,100%,
2026-07-05 01:23,663400,FC Voluntari vs. FC Botoşani,BUY_NO,0.65,100%,
2026-07-05 05:49,623746,Wimbledon 2026: Longest Match,BUY_YES,0.75,100%,Match information found
2026-07-05 05:49,656338,US announces military base in Israel in 2026?,BUY_YES,0.21,83%,The market suggests there is likelihood of US announcing a military base in Israel in 2026.
2026-07-05 05:49,666961,LoL: G2 NORD vs Kaufland Hangry Knights (BO1) - Prime League 1st Division Regular Season,BUY_YES,0.75,89%,Both sources have a confidence score for G2 NORD vs Kaufland Hangry Knights match.
2026-07-05 05:49,662504,Arizona Diamondbacks vs. San Diego Padres,BUY_YES,0.585,100%,Market is valid
2026-07-05 08:36,668365,Bogota: Alan Magadan vs Johan Alexander Rodriguez,BUY_YES,0.476,100%,Both players' news are available.
2026-07-05 08:36,668399,Nottingham 3: Oscar Weightman vs Alastair Gray,BUY_YES,0.476,100%,The news is valid
2026-07-05 08:37,662504,Arizona Diamondbacks vs. San Diego Padres,BUY_YES,0.575,88%,The game is complete and has a valid score.
2026-07-05 08:37,630455,Zirə FK vs. SK Torpedo Kutaisi,BUY_YES,0.555,83%,Match information found
2026-07-05 10:52,668374,Liege: Felix Balshaw vs Carlos Sanchez Jover,BUY_YES,0.9,86%,News available for market: Liege: Felix Balshaw vs Carlos Sanchez Jover
2026-07-05 10:52,666960,LoL: ROSSMANN Centaurs vs BIG (BO1) - Prime League 1st Division Regular Season,BUY_YES,0.23,100%,Both news articles are valid
2026-07-05 10:52,641983,Gimcheon Sangmu FC vs. Bucheon FC 1995,BUY_YES,0.46,90%,Both news articles are relevant to the market and contain score information.
2026-07-05 10:53,662504,Arizona Diamondbacks vs. San Diego Padres,BUY_YES,0.55,100%,market name is valid and news content is available
2026-07-05 12:08,656338,US announces military base in Israel in 2026?,BUY_YES,0.21,89%,
2026-07-05 12:09,662504,Arizona Diamondbacks vs. San Diego Padres,BUY_YES,0.55,100%,
2026-07-05 12:09,663404,EC Vitória vs. CR Vasco da Gama,BUY_YES,0.385,85%,
2026-07-05 14:23,666960,LoL: ROSSMANN Centaurs vs BIG (BO1) - Prime League 1st Division Regular Season,BUY_NO,0.765,1000%,
2026-07-05 14:23,630274,KÍ vs. FC Atert Bissen,BUY_YES,0.74,86%,
2026-07-05 14:23,664037,Dota 2: Team Falcons vs BetBoom Team - Match Result (1x2),BUY_YES,0.385,83%,
2026-07-05 15:54,623746,Wimbledon 2026: Longest Match,BUY_YES,0.75,99%,One or more longest matches were found. First match lasted: 4 hours 38 minutes; Second match lasted: 4 hours 38 minutes
2026-07-05 15:55,655810,Honor of Kings: UU Gamers vs WanZhen Esports Club (BO5) - KPL Growth League Group Stage,BUY_YES,0.44,94%,
2026-07-05 15:55,655805,Honor of Kings: JA Gaming vs Qing Jiu Club (BO5) - KPL Growth League Group Stage,BUY_YES,0.49,100%,Information available about JA Gaming vs Qing Jiu Club game.
2026-07-05 15:55,655806,Honor of Kings: LT Gaming vs UU Gamers (BO5) - KPL Growth League Group Stage,BUY_NO,0.55,100%,Valid JSON for Honor of Kings news.
2026-07-05 16:52,623746,Wimbledon 2026: Longest Match,BUY_YES,0.75,85%,Found match details in the news
2026-07-05 16:52,668334,WTT - Women's Singles: Yingsha Sun vs Yidi Wang,INVEST_YES,0.82,85%,
2026-07-05 16:52,664037,Dota 2: Team Falcons vs BetBoom Team - Match Result (1x2),BUY_YES,0.44,100%,
2026-07-05 16:52,664043,Dota 2: Team Spirit vs MOUZ - Match Result (1x2),BUY_YES,0.65,82%,
2026-07-05 16:52,655808,Honor of Kings: JLY vs Koala Game (BO5) - KPL Growth League Group Stage,BUY_NO,0.53,100%,Market information available
2026-07-05 16:53,655810,Honor of Kings: UU Gamers vs WanZhen Esports Club (BO5) - KPL Growth League Group Stage,BUY_YES,0.48,90%,There is already news with the same title.
2026-07-05 16:53,655805,Honor of Kings: JA Gaming vs Qing Jiu Club (BO5) - KPL Growth League Group Stage,BUY_YES,0.49,100%,
2026-07-05 16:53,655806,Honor of Kings: LT Gaming vs UU Gamers (BO5) - KPL Growth League Group Stage,BUY_YES,0.545,87%,No error
2026-07-05 17:55,664040,Dota 2: Team Liquid vs PlayTime - Match Result (1x2),BUY_NO,0.525,83%,
2026-07-05 17:55,655805,Honor of Kings: JA Gaming vs Qing Jiu Club (BO5) - KPL Growth League Group Stage,BUY_YES,0.49,99%,Valid data for match
2026-07-05 18:58,623746,Wimbledon 2026: Longest Match,BUY_YES,0.75,89%,
2026-07-05 18:58,662923,Seattle Sounders FC vs. Portland Timbers,BUY_YES,0.675,99%,The Seattle Sounders FC won against the Portland Timbers.
2026-07-05 18:58,664043,Dota 2: Team Spirit vs MOUZ - Match Result (1x2),BUY_YES,0.655,100%,multiple news sources confirm match result
2026-07-05 18:59,655810,Honor of Kings: UU Gamers vs WanZhen Esports Club (BO5) - KPL Growth League Group Stage,BUY_YES,0.485,100%,Market found for Honor of Kings match between UU Gamers and WanZhen Esports Club
2026-07-05 18:59,645187,São Bernardo FC vs. Cuiabá EC - First Team to Score,BUY_NO,0.57,100%,No first team to score prediction available
2026-07-05 20:07,641929,Shenzhen Xinpengcheng FC vs. Qingdao Xihaian FC,BUY_NO,0.615,100%,
2026-07-05 20:07,655807,Honor of Kings: Xianyou Gaming vs Titan King's Legion (BO5) - KPL Growth League Group Stage,YES_NO,0.525,100%,
2026-07-05 21:40,623746,Wimbledon 2026: Longest Match,BUY_YES,0.75,88%,
2026-07-05 21:40,666468,Nashville SC vs. Atlanta United FC,BUY_YES,0.695,100%,Both teams have met. Atlanta United FC and Nashville SC have a previous game.
2026-07-05 21:41,655812,Honor of Kings: JLY vs JA Gaming (BO5) - KPL Growth League Group Stage,BUY_YES,0.47,84%,News is available
2026-07-05 21:41,655807,Honor of Kings: Xianyou Gaming vs Titan King's Legion (BO5) - KPL Growth League Group Stage,BUY_YES,0.505,88%,
2026-07-05 22:41,655806,Honor of Kings: LT Gaming vs UU Gamers (BO5) - KPL Growth League Group Stage,BUY_NO,0.52,86%,
2026-07-05 23:43,623746,Wimbledon 2026: Longest Match,BUY_YES,0.75,100%,Successful validation
2026-07-05 23:44,655809,Honor of Kings: LT Gaming vs WLT Esports Club (BO5) - KPL Growth League Group Stage,BUY_YES,0.505,90%,Both markets are available
2026-07-05 23:44,645187,São Bernardo FC vs. Cuiabá EC - First Team to Score,BUY_YES,0.44,100%,Tipstop is predicting a tight game based on historical trends.
2026-07-05 23:44,669244,France vs. Morocco - Second Half Result,BUY_YES,0.47,100%,Second half results are consistent: France wins 2-0.
2026-07-06 01:26,655807,Honor of Kings: Xianyou Gaming vs Titan King's Legion (BO5) - KPL Growth League Group Stage,BUY_YES,0.505,88%,"Xianyou Gaming and Titan King's Legion are scheduled to play on Jul. 6, 2026."
2026-07-06 06:11,671546,Valorant: FOKUS vs Formulation Gaming (BO3) - VCL EMEA: Last Chance Qualifier Group A,BUY_YES,0.6,86%,Winner of FOKUS vs Formulation Gaming
2026-07-06 14:47,656338,US announces military base in Israel in 2026?,BUY_NO,0.79,88%,A US military buildup in the Middle East includes a base in Israel as per the provided news content.
2026-07-06 14:47,664043,Dota 2: Team Spirit vs MOUZ - Match Result (1x2),BUY_NO,0.345,81%,
2026-07-06 17:32,671547,Valorant: MIR vs Fire Flux Esports (BO3) - VCL EMEA: Last Chance Qualifier Group B,BUY_YES,0.62,86%,Match details available from two sources: vlr.gg and escorenews.com.
2026-07-06 17:32,669858,Valorant: FunPlus Phoenix vs Trace Esports (BO3) - VCT China Stage 2 Group Alpha,BUY_YES,0.45,90%,Match stats are available from two sources.
2026-07-06 19:25,671547,Valorant: MIR vs Fire Flux Esports (BO3) - VCL EMEA: Last Chance Qualifier Group B,BUY_YES,0.615,100%,Matches found
2026-07-06 19:25,669859,Valorant: JD Gaming vs TYLOO (BO3) - VCT China Stage 2 Group Alpha,BUY_NO,0.57,81%,Match available on multiple sources
2026-07-06 19:25,669858,Valorant: FunPlus Phoenix vs Trace Esports (BO3) - VCT China Stage 2 Group Alpha,BUY_NO,0.55,100%,Both scores are greater than zero
2026-07-06 21:16,669859,Valorant: JD Gaming vs TYLOO (BO3) - VCT China Stage 2 Group Alpha,BUY_YES,0.43,85%,News from multiple Polymarket and Tips.gg
2026-07-06 22:49,673599,Iasi: David Poljak vs Gustavo Heide,BUY_YES,0.085,81%,
2026-07-06 22:50,674537,ITF The Hague: Federica Urgesi vs Lucija Ciric Bagaric,BUY_YES,0.64,88%,"The last news of Federica Urgesi vs Lucija Ciric Bagaric was found from the following URLs: https://www.wtatennis.com/players/330420/federica-urgesi/matches, https://www.flashscore.in/match/tennis/ciric-bagaric-lucija-CQrcqp08/urgesi-federica-lzU6DfCt?mid=Ag17cmhB"
2026-07-07 05:52,674919,Rainbow Six Siege: Fnatic vs G2 Esports (BO3) - Europe MENA League Stage 1 Playoffs,BUY_YES,0.245,97%,recent past match found
2026-07-07 05:52,675432,ITF Luan: JiaYi Wang vs Ha Eum Lee,BUY_YES,0.7,100%,Match details available
2026-07-07 05:52,675451,ITF The Hague: Pieter De Lange vs Daniele Rapagnetta,BUY_NO,0.625,100%,Information available
2026-07-07 05:53,675461,ITF Hillcrest: Marilouise Van Zyl vs Isabella Wong,BUY_YES,0.47,90%,
2026-07-07 05:53,674537,ITF The Hague: Federica Urgesi vs Lucija Ciric Bagaric,BUY_YES,0.64,100%,Valid data provided
2026-07-07 05:53,675433,ITF Wuning: Yecong Mo vs Daniil Sarksian,BUY_YES,0.735,100%,
2026-07-07 09:02,675464,ITF Hillcrest: Abigayel Vosloo vs Polina Leykina,SELL_NO,0.935,83%,
2026-07-07 09:02,675458,ITF Hillcrest: Jenny Duerst vs Gloria Pop,BUY_YES,0.93,85%,"no upcoming match found, but recent results available"
2026-07-07 11:44,676326,ITF Kursumlijska Banja: Ena Ilic vs Dusica Popovski,BUY_NO,0.805,100%,match_data_found
2026-07-07 11:44,669858,Valorant: FunPlus Phoenix vs Trace Esports (BO3) - VCT China Stage 2 Group Alpha,BUY_YES,0.46,85%,The article contains relevant information about the match.
2026-07-07 13:56,675429,ITF Astana: Valeriia Iushchenko vs Aruzhan Sagandikova,BUY_YES,0.73,90%,
2026-07-07 13:56,645187,São Bernardo FC vs. Cuiabá EC - First Team to Score,BUY_YES,0.475,85%,Not enough data to determine the first team to score
2026-07-07 16:16,675455,ITF Kassel: Kirill Kivattsev vs Iannis Miletich,BUY_YES,0.72,83%,
2026-07-07 16:16,675435,ITF Wuning: Amirkhamza Nasridinov vs Duckhee Lee,BUY_YES,0.69,100%,No reason provided
2026-07-07 16:17,676317,ITF San Salvador De Jujuy: Valentino Grippo vs Tomas Jordi Leston,BUY_NO,0.545,100%,Both news sources confirm the match is today
2026-07-07 16:17,663965,Will Micron (MU) finish week of July 6 above___?,BUY_NO,0.51,86%,"current price is $926.36, and news articles suggest price increase"
2026-07-07 18:36,634111,Atlétic Club d'Escaldes vs. FK Mornar Bar - Halftime Result,BUY_NO,0.785,100%,
2026-07-07 18:36,676334,ITF Kursumlijska Banja: Kali Supova vs Manon Favier,BUY_YES,0.78,83%,Available prediction data.
2026-07-07 18:37,675455,ITF Kassel: Kirill Kivattsev vs Iannis Miletich,BUY_YES,0.725,99%,
2026-07-07 18:37,669858,Valorant: FunPlus Phoenix vs Trace Esports (BO3) - VCT China Stage 2 Group Alpha,BUY_YES,0.47,81%,
2026-07-07 20:33,656338,US announces military base in Israel in 2026?,BUY_NO,0.79,81%,US military base announced in Israel in 2026 as per news from Wikipedia and Al Jazeera
2026-07-07 20:33,675435,ITF Wuning: Amirkhamza Nasridinov vs Duckhee Lee,BUY_YES,0.695,88%,
2026-07-07 22:04,678104,"UFC 329: Farid Basharat vs. John Garza (Bantamweight, Early Prelims)",BUY_YES,0.5,168%,UFC 329 fight information found
2026-07-07 22:04,678109,Bastad: Kajsa Rinaldo Persson vs Kaitlin Quevedo,BUY_YES,0.5,85%,
2026-07-07 22:04,678115,Trieste (Doubles): Agamenone/Ribecai vs Jans/Whitehouse,BUY_YES,0.5,85%,"Match score available, latest news from Sofascore and Wikipedia."
2026-07-07 22:05,678124,"UFC Fight Night: Jean-Paul Lebosnoyani vs. Seokhyeon Ko (Welterweight, Prelims)",BUY_YES,0.5,85%,News content is available.
2026-07-07 22:06,678148,Nottingham 3: Johannus Monday vs Arda Azkara,BUY_YES,0.5,100%,
2026-07-07 23:01,659719,FK Žalgiris Vilnius vs. OFK Petrovac,BUY_NO,0.535,93%,
2026-07-07 23:01,678226,ITF Monastir: Marie Villet vs Tanisha Kashyap,BUY_YES,0.77,98%,
2026-07-07 23:01,678256,ITF The Hague: Loes Ebeling Koning vs Britt Du Pree,BUY_NO,0.78,100%,Match information exists.
2026-07-07 23:02,678149,ITF Luan: Meiling Wang vs Jiyun Oh,BUY_YES,0.775,95%,
2026-07-07 23:02,669858,Valorant: FunPlus Phoenix vs Trace Esports (BO3) - VCT China Stage 2 Group Alpha,BUY_YES,0.47,98%,both articles had a positive score
2026-07-07 23:56,678273,ITF Rancho Santa Fe: Alexis Nguyen vs Kenzie Nguyen,BUY_YES,0.725,100%,Match information available
2026-07-07 23:56,675455,ITF Kassel: Kirill Kivattsev vs Iannis Miletich,BUY_YES,0.725,82%,
2026-07-07 23:56,677699,Dota 2: Team Liquid vs Level UP - Match Result (1x2),BUY_YES,0.66,84%,
2026-07-08 01:18,678149,ITF Luan: Meiling Wang vs Jiyun Oh,BUY_YES,0.785,86%,
